Essay,Feedback,Essay_cleaned,Feedback_cleaned
"They covered the precious mahogany coffin with a brown amalgam of rocks, decomposed organisms, and weeds. It was my turn to take the shovel, but I felt too ashamed to dutifully send her off when I had not properly said goodbye. I refused to throw dirt on her. I refused to let go of my grandmother, to accept a death I had not seen coming, to believe that an illness could not only interrupt, but steal a beloved life.

When my parents finally revealed to me that my grandmother had been battling liver cancer, I was twelve and I was angry--mostly with myself. They had wanted to protect me--only six years old at the time--from the complex and morose concept of death. However, when the end inevitably arrived, I wasn’t trying to comprehend what dying was; I was trying to understand how I had been able to abandon my sick grandmother in favor of playing with friends and watching TV. Hurt that my parents had deceived me and resentful of my own oblivion, I committed myself to preventing such blindness from resurfacing.

I became desperately devoted to my education because I saw knowledge as the key to freeing myself from the chains of ignorance. While learning about cancer in school I promised myself that I would memorize every fact and absorb every detail in textbooks and online medical journals. And as I began to consider my future, I realized that what I learned in school would allow me to silence that which had silenced my grandmother. However, I was focused not with learning itself, but with good grades and high test scores. I started to believe that academic perfection would be the only way to redeem myself in her eyes--to make up for what I had not done as a granddaughter.  

However, a simple walk on a hiking trail behind my house made me open my own eyes to the truth. Over the years, everything--even honoring my grandmother--had become second to school and grades. As my shoes humbly tapped against the Earth, the towering trees blackened by the forest fire a few years ago, the faintly colorful pebbles embedded in the sidewalk, and the wispy white clouds hanging in the sky reminded me of my small though nonetheless significant part in a larger whole that is humankind and this Earth. Before I could resolve my guilt, I had to broaden my perspective of the world as well as my responsibilities to my fellow humans.   

Volunteering at a cancer treatment center has helped me discover my path. When I see patients trapped in not only the hospital but also a moment in time by their diseases, I talk to them. For six hours a day, three times a week, Ivana is surrounded by IV stands, empty walls, and busy nurses that quietly yet constantly remind her of her breast cancer. Her face is pale and tired, yet kind--not unlike my grandmother’s. I need only to smile and say hello to see her brighten up as life returns to her face. Upon our first meeting, she opened up about her two sons, her hometown, and her knitting group--no mention of her disease. Without even standing up, the three of us—Ivana, me, and my grandmother--had taken a walk together.

Cancer, as powerful and invincible as it may seem, is a mere fraction of a person’s life. It’s easy to forget when one’s mind and body are so weak and vulnerable. I want to be there as an oncologist to remind them to take a walk once in a while, to remember that there’s so much more to life than a disease. While I physically treat their cancer, I want to lend patients emotional support and mental strength to escape the interruption and continue living. Through my work, I can accept the shovel without burying my grandmother’s memory.","This essay uses what we call Narrative Structure, which focuses (in roughly equal word count) on a challenge + effects you’ve faced, what you did about it, and what you learned. Quick tip: one common and easy mistake is to spend most of the essay focused on the challenges + effects, but try to keep that to about a third—what your reader is generally more interested in is what you did about that challenge and what you learned/how you’ve grown. This essay also shows growth and insight. One way it does this is by is by recognizing that they were wrong about something / had “done it wrong” (e.g. ...understand how I had been able to abandon my sick grandmother in favor of playing with friends and watching TV or However, I was focused not with learning itself, but with good grades and high test scores.). We’re pointing this out because, fairly frequently, students are worried that acknowledging they were wrong in some way will be looked down upon by readers. Put those worries to rest—showing that you’re capable of reflecting, acknowledging your failings or where you were wrong, and growing through your new understanding is a sign of maturity that colleges value. This essay also brings us into the world.  personal statement isn’t simply a list of accomplishments (let your Activities List and Additional Info section do that lifting for you). Instead, it’s about helping a college understand who you are through the values, interests, insights, skills, and qualities you bring to their campus and community.",covered precious mahogany coffin brown amalgam rock decomposed organism weed turn take shovel felt ashamed dutifully send properly said goodbye refused throw dirt refused let go grandmother accept death seen coming believe illness could interrupt steal beloved life parent finally revealed grandmother battling liver cancer twelve angry -- mostly wanted protect -- six year old time -- complex morose concept death however end inevitably arrived ’ trying comprehend dying trying understand able abandon sick grandmother favor playing friend watching tv hurt parent deceived resentful oblivion committed preventing blindness resurfacing became desperately devoted education saw knowledge key freeing chain ignorance learning cancer school promised would memorize every fact absorb every detail textbook online medical journal began consider future realized learned school would allow silence silenced grandmother however focused learning good grade high test score started believe academic perfection would way redeem eye -- make done granddaughter however simple walk hiking trail behind house made open eye truth year everything -- even honoring grandmother -- become second school grade shoe humbly tapped earth towering tree blackened forest fire year ago faintly colorful pebble embedded sidewalk wispy white cloud hanging sky reminded small though nonetheless significant part larger whole humankind earth could resolve guilt broaden perspective world well responsibility fellow human volunteering cancer treatment center helped discover path see patient trapped hospital also moment time disease talk six hour day three time week ivana surrounded iv stand empty wall busy nurse quietly yet constantly remind breast cancer face pale tired yet kind -- unlike grandmother ’ need smile say hello see brighten life return face upon first meeting opened two son hometown knitting group -- mention disease without even standing three us—ivana grandmother -- taken walk together cancer powerful invincible may seem mere fraction person ’ life ’ easy forget one ’ mind body weak vulnerable want oncologist remind take walk remember ’ much life disease physically treat cancer want lend patient emotional support mental strength escape interruption continue living work accept shovel without burying grandmother ’ memory,essay us call narrative structure focus roughly equal word count challenge effect ’ faced learned quick tip one common easy mistake spend essay focused challenge effect try keep third—what reader generally interested challenge learned/how ’ grown essay also show growth insight one way recognizing wrong something “ done wrong ” e.g ... understand able abandon sick grandmother favor playing friend watching tv however focused learning good grade high test scores. ’ pointing fairly frequently student worried acknowledging wrong way looked upon reader put worry rest—showing ’ capable reflecting acknowledging failing wrong growing new understanding sign maturity college value essay also brings u world personal statement ’ simply list accomplishment let activity list additional info section lifting instead ’ helping college understand value interest insight skill quality bring campus community
"From page 54 of the maroon notebook sitting on my mahogany desk:

“Then Cain said to the Lord, “My punishment is greater than I can bear. I shall be a fugitive and a wanderer on the earth and whoever finds me will kill me.” - Genesis 4:13

Here is a secret that no one in my family knows: I shot my brother when I was six. Luckily, it was a BB gun. But to this day, my older brother Jonathan does not know who shot him. And I have finally promised myself to confess this eleven year old secret to him after I write this essay.

The truth is, I was always jealous of my brother. Our grandparents, with whom we lived as children in Daegu, a rural city in South Korea, showered my brother with endless accolades: he was bright, athletic, and charismatic.

“Why can’t you be more like Jon?” my grandmother used to nag, pointing at me with a carrot stick. To me, Jon was just cocky. He would scoff at me when he would beat me in basketball, and when he brought home his painting of Bambi with the teacher’s sticker “Awesome!” on top, he would make several copies of it and showcase them on the refrigerator door. But I retreated to my desk where a pile of “Please draw this again and bring it to me tomorrow” papers lay, desperate for immediate treatment. Later, I even refused to attend the same elementary school and wouldn’t even eat meals with him.

Deep down I knew I had to get the chip off my shoulder. But I didn’t know how.

That is, until March 11th, 2001.

That day around six o’clock, juvenile combatants appeared in Kyung Mountain for their weekly battle, with cheeks smeared in mud and empty BB guns in their hands. The Korean War game was simple: to kill your opponent you had to shout “pow!” before he did. Once we situated ourselves, our captain blew the pinkie whistle and the war began. My friend Min-young and I hid behind a willow tree, eagerly awaiting our orders.

Beside us, our comrades were dying, each falling to the ground crying in “agony,” their hands clasping their “wounds.” Suddenly a wish for heroism surged within me: I grabbed Min-young’s arms and rushed towards the enemies’ headquarters, disobeying our orders to remain sentry duty. To tip the tide of the war, I had to kill their captain. We infiltrated the enemy lines, narrowly dodging each attack. We then cleared the pillars of asparagus ferns until the Captain’s lair came into view. I quickly pulled my clueless friend back into the bush.

Hearing us, the alarmed captain turned around: It was my brother.

He saw Min-young’s right arm sticking out from the bush and hurled a “grenade,” (a rock), bruising his arm.

“That’s not fair!” I roared in the loudest and most unrecognizable voice I could manage.

Startled, the Captain and his generals abandoned their post. Vengeance replaced my wish for heroism and I took off after the fleeing perpetrator. Streams of sweat ran down my face and I pursued him for several minutes until suddenly I was arrested by a small, yellow sign that read in Korean: DO NOT TRESPASS: Boar Traps Ahead. (Two summers ago, my five year old cousin, who insisted on joining the ranks, had wandered off-course during the battle; we found him at the bottom of a 20 ft deep pit with a deep gash in his forehead and shirt soaked in blood) “Hey, stop!” I shouted, heart pounding. “STOP!” My mind froze. My eyes just gazed at the fleeing object; what should I do?

I looked on as my shivering hand reached for the canister of BBs. The next second, I heard two shots followed by a cry. I opened my eyes just enough to see two village men carrying my brother away from the warning sign. I turned around, hurled my BB gun into the nearby Kyung Creek and ran home as fast as I could.

* * *

Days passed. My brother and I did not talk about the incident.

‘Maybe he knew it was me,’ I thought in fear as I tried to eavesdrop on his conversation with grandpa one day. When the door suddenly opened, I blurted, “Is anything wrong?”

“Nothing,” he said pushing past me, “Just a rough sleep.”

But in the next few weeks, something was happening inside me.

All the jealousy and anger I’d once felt had been replaced by a new feeling: guilt.

That night when my brother was gone I went to a local store and bought a piece of chocolate taffy, his favorite. I returned home and placed it on my brother’s bed with a note attached: “Love, Grandma.”

Several days later, I secretly went into his room and folded his unkempt pajamas.

Then, other things began to change. We began sharing clothes (something we had never done), started watching Pokémon episodes together, and then, on his ninth birthday, I did something with Jon that I hadn’t done in six years: I ate dinner with him. I even ate fishcakes, which he loved but I hated. And I didn’t complain.

Today, my brother is one of my closest friends. Every week I accompany him to Carlson Hospital where he receives treatment for his obsessive compulsive disorder and schizophrenia. While in the waiting room, we play a noisy game of Zenga, comment on the Lakers’ performance or listen to the radio on the registrar’s desk.

Then, the door to the doctor’s office opens.

“Jonathan Lee, please come in.”

I tap his shoulder and whisper, “Rock it, bro.”

After he leaves, I take out my notebook and begin writing where I left off.

Beside me, the receptionist’s fingers hover over the radio in search of a new station, eventually settling on one. I hear LeAnn Rimes singing “Amazing Grace.” Her voice slowly rises over the noise of the bustling room.

“’Twas Grace that taught my heart to fear. And Grace, my fears relieved...”

Smiling, I open Jon’s Jansport backpack and neatly place this essay inside and a chocolate taffy with a note attached.

Twenty minutes have passed when the door abruptly opens.

“Guess what the doctor just said?” my brother cries, unable to hide his exhilaration.

I look up and I smile too. ","The essay effectively communicates a range of core values, including honesty, family, empathy, personal growth, and responsibility, through a deeply vulnerable and heartfelt narrative. The vivid storytelling and emotional depth allow the reader to connect with the author's journey from jealousy and anger to guilt and reconciliation, revealing significant personal growth. Insightful ""so what"" moments, such as the author's realization of jealousy, acts of kindness towards his brother, and the ultimate confession and reconciliation, provide genuine and illuminating reflections. The logical and engaging structure indicates careful consideration and multiple revisions, maintaining interest and succinctness throughout. However, some descriptions, particularly of the Korean War game, could be tightened for clarity and impact. Overall, the essay is a compelling and emotionally resonant piece that effectively captures the author's transformative journey.",page 54 maroon notebook sitting mahogany desk “ cain said lord “ punishment greater bear shall fugitive wanderer earth whoever find kill me. ” genesis 4:13 secret one family know shot brother six luckily bb gun day older brother jonathan know shot finally promised confess eleven year old secret write essay truth always jealous brother grandparent lived child daegu rural city south korea showered brother endless accolade bright athletic charismatic “ ’ like jon ” grandmother used nag pointing carrot stick jon cocky would scoff would beat basketball brought home painting bambi teacher ’ sticker “ awesome ” top would make several copy showcase refrigerator door retreated desk pile “ please draw bring tomorrow ” paper lay desperate immediate treatment later even refused attend elementary school ’ even eat meal deep knew get chip shoulder ’ know march 11th 2001. day around six ’ clock juvenile combatant appeared kyung mountain weekly battle cheek smeared mud empty bb gun hand korean war game simple kill opponent shout “ pow ” situated captain blew pinkie whistle war began friend min-young hid behind willow tree eagerly awaiting order beside u comrade dying falling ground cry “ agony ” hand clasping “ wounds. ” suddenly wish heroism surged within grabbed min-young ’ arm rushed towards enemy ’ headquarters disobeying order remain sentry duty tip tide war kill captain infiltrated enemy line narrowly dodging attack cleared pillar asparagus fern captain ’ lair came view quickly pulled clueless friend back bush hearing u alarmed captain turned around brother saw min-young ’ right arm sticking bush hurled “ grenade ” rock bruising arm “ ’ fair ” roared loudest unrecognizable voice could manage startled captain general abandoned post vengeance replaced wish heroism took fleeing perpetrator stream sweat ran face pursued several minute suddenly arrested small yellow sign read korean trespass boar trap ahead two summer ago five year old cousin insisted joining rank wandered off-course battle found bottom 20 ft deep pit deep gash forehead shirt soaked blood “ hey stop ” shouted heart pounding “ stop ” mind froze eye gazed fleeing object looked shivering hand reached canister bb next second heard two shot followed cry opened eye enough see two village men carrying brother away warning sign turned around hurled bb gun nearby kyung creek ran home fast could day passed brother talk incident ‘ maybe knew ’ thought fear tried eavesdrop conversation grandpa one day door suddenly opened blurted “ anything wrong ” “ nothing ” said pushing past “ rough sleep. ” next week something happening inside jealousy anger ’ felt replaced new feeling guilt night brother gone went local store bought piece chocolate taffy favorite returned home placed brother ’ bed note attached “ love grandma. ” several day later secretly went room folded unkempt pajama thing began change began sharing clothes something never done started watching pokémon episode together ninth birthday something jon ’ done six year ate dinner even ate fishcakes loved hated ’ complain today brother one closest friend every week accompany carlson hospital receives treatment obsessive compulsive disorder schizophrenia waiting room play noisy game zenga comment lakers ’ performance listen radio registrar ’ desk door doctor ’ office open “ jonathan lee please come in. ” tap shoulder whisper “ rock bro. ” leaf take notebook begin writing left beside receptionist ’ finger hover radio search new station eventually settling one hear leann rime singing “ amazing grace. ” voice slowly rise noise bustling room “ ’ twas grace taught heart fear grace fear relieved ... ” smiling open jon ’ jansport backpack neatly place essay inside chocolate taffy note attached twenty minute passed door abruptly open “ guess doctor said ” brother cry unable hide exhilaration look smile,essay effectively communicates range core value including honesty family empathy personal growth responsibility deeply vulnerable heartfelt narrative vivid storytelling emotional depth allow reader connect author 's journey jealousy anger guilt reconciliation revealing significant personal growth insightful `` '' moment author 's realization jealousy act kindness towards brother ultimate confession reconciliation provide genuine illuminating reflection logical engaging structure indicates careful consideration multiple revision maintaining interest succinctness throughout however description particularly korean war game could tightened clarity impact overall essay compelling emotionally resonant piece effectively capture author 's transformative journey
"""In sophomore year, I struggled with depression. I felt like I was constantly battling against the darkness that seemed to be closing in on me. Until, that is, I found solace in the teachings of Steve Irwin.

When I first discovered Steve Irwin and his show ""The Crocodile Hunter,"" I was captivated by his passion for wildlife. He was fearless, jumping into danger without hesitation to save an animal in need. But it was more than just his bravery that inspired me; it was his infectious energy and love for life. Watching him on TV, I couldn't help but feel a little bit better about my own struggles.

But it wasn't until I read his biography that I truly felt the impact Steve had on my life. In the book, he talked openly about his own struggles with depression. He talked about the dark moments in his life, when he felt like he was drowning in despair. But he also talked about how he fought back against the darkness, how he refused to let it consume him, and how he turned his depression into a career that allowed him to follow his biggest passions.

Reading Steve's words, I felt like he was speaking directly to me. I wasn't alone in my struggles if someone as brave and fearless as Steve had faced similar challenges. And that gave me the courage to keep going. I started visiting a therapist, exercising regularly, and practicing mindfulness meditation. Day by day, I lifted myself out of my depression–all with a healthy dose of “Crocodile Hunter” each evening after I finished my homework.

One of the things that I admired most about Steve was his ability to find joy and laughter in the most unlikely places. He was always cracking jokes, even in the face of danger. He taught me that laughter and humor can be a powerful tool in the fight against depression. I went looking for the humor in my own struggles. I started learning about how stand-up comedy works, and wrote my own five-minute skit finding the humor and silver lining in my depression. I wasn’t a great comic, let me tell you. But being able to channel my experience into something positive—something that helped others laugh—was extremely gratifying to me.

Depression is a bizarre thing. One day, you’re besieged by it from every side and it looks like there’s no way out. Then, two months later, if you’re diligent, you look around the world and wonder what you ever had to be upset about. You find goodness and light in the things around you—your friends, your family, your habits, and your hobbies. These forces act as buttresses to keep you standing up and moving forward.

As silly as it may sound, I credit Steve Irwin with that first buttress. His experience and outlook on life gave me the push I needed to cultivate bravery and resilience in the face of my struggle with mental health. My eternal goal is now to practice the gospel of Steve—to always pass along humor, passion, and encouragement to others, especially to those who seem down and out. Thank you, Steve."" "," This essay captured my attention because of its unique pairing of a tough subject—depression—with a light-hearted and endearing topic—Steve Irwin.

The writer doesn’t dwell in the experience of depression but instead finds hope and light by focusing on how their favorite TV star changed their perspective. Why this essay stands out:

Great organization and sign-posting. The essay clearly progresses through each part of the writer’s journey. The first sentence of each paragraph signals to the reader what that paragraph will be about.
Focus on action steps. It’s very apparent that this writer is a do-er. The focus of the essay is on the way they emerged from their depression, not on the depression itself.
Meaningful reflection. Especially in the second-to-last paragraph and conclusion, the writer beautifully reflects on what depression and hope mean to them.
Core strengths. From this essay alone, I gather that the writer is a sage archetype. They clearly show their wisdom and ability to persist through challenges.",`` sophomore year struggled depression felt like constantly battling darkness seemed closing found solace teaching steve irwin first discovered steve irwin show `` crocodile hunter '' captivated passion wildlife fearless jumping danger without hesitation save animal need bravery inspired infectious energy love life watching tv could n't help feel little bit better struggle n't read biography truly felt impact steve life book talked openly struggle depression talked dark moment life felt like drowning despair also talked fought back darkness refused let consume turned depression career allowed follow biggest passion reading steve 's word felt like speaking directly n't alone struggle someone brave fearless steve faced similar challenge gave courage keep going started visiting therapist exercising regularly practicing mindfulness meditation day day lifted depression–all healthy dose “ crocodile hunter ” evening finished homework one thing admired steve ability find joy laughter unlikely place always cracking joke even face danger taught laughter humor powerful tool fight depression went looking humor struggle started learning stand-up comedy work wrote five-minute skit finding humor silver lining depression ’ great comic let tell able channel experience something positive—something helped others laugh—was extremely gratifying depression bizarre thing one day ’ besieged every side look like ’ way two month later ’ diligent look around world wonder ever upset find goodness light thing around you—your friend family habit hobby force act buttress keep standing moving forward silly may sound credit steve irwin first buttress experience outlook life gave push needed cultivate bravery resilience face struggle mental health eternal goal practice gospel steve—to always pas along humor passion encouragement others especially seem thank steve '',essay captured attention unique pairing tough subject—depression—with light-hearted endearing topic—steve irwin writer ’ dwell experience depression instead find hope light focusing favorite tv star changed perspective essay stand great organization sign-posting essay clearly progress part writer ’ journey first sentence paragraph signal reader paragraph focus action step ’ apparent writer do-er focus essay way emerged depression depression meaningful reflection especially second-to-last paragraph conclusion writer beautifully reflects depression hope mean core strength essay alone gather writer sage archetype clearly show wisdom ability persist challenge
"I stretch the thin fabric over my hoop and pull it tight, wedging the nested rings between my legs to secure them shut with my other hand.

Next I get out the thread. Each color is wound tightly around a paper spool and stored in a container whose original purpose was to store fishing tackle.

I look at the pre-printed design on the fabric and decide what colors to select. Orange, red, pink, yellow–this design will be as bright and happy as I can make it.

Embroidery is where the STEM and creative parts of my identity converge. My STEM side is calculated. She meticulously plans the designs, mocks them up in photoshop, and painstakingly transfers them onto the fabric. She organizes each thread color by its place in ROYGBIV and cuts every piece to an identical length of 18”. Her favorite stitch is the French Knot, with its methodical “one, two” wrap sequence. For her, art is about precision.

My creative side, on the other hand, is messy. She throws thread scraps on the floor without hesitation, and she haphazardly adds design elements in pen. She does a Lazy Daisy stitch very lazily while adding an indescribable flourish to a simple backstitch. Her methods are indeed madness: she’ll border a design with glitter glue, hang a finished project upside down, or stitch a big red X over a perfectly good embroidery. For her, art is about meaning.

While these two sides of myself may seem at odds, they actually complement each other perfectly. At least, that’s what 3,000 of my Etsy customers think. From three-inch hoops to massive wall hangings, my Etsy shop is a compilation of the best embroidery I’ve ever done. My precision and meaning have earned me hundreds of five-star reviews from customers whose lives I’ve impacted with my art. And none of that art would have been possible without STEM me and creative me.

My STEM and creative side complement each other in more than my embroidery life too. What began as a creative side hustle has actually made me a better scientist.

Before I started embroidering, I approached the lab bench with an eye like a ruler. Poured a millimeter too much liquid? Better get a pipette. Went a degree over boiling? Time to start over. My lab reports demonstrated my knowledge, skill, and care, but they didn’t show any innovation or ingenuity. My precision led me to be a good scientist but not an exceptional one.

I realized that to be exceptional, I needed to think like a real scientist. While scientists are careful and precise, they are also interrogators. They constantly question the world around them, identifying previously unseen problems and finding creative solutions. To become the scientist I wanted to be, I needed to allow myself to be more creative.

When I had this realization, I had just begun my embroidery business. I didn’t understand that my creativity could also be so useful in the lab. I set out on a new path to use more creativity in the pursuit of science.

To inspire myself, I brought an embroidery project to the lab. On it, I stitched a compound microscope and a quote from one of my favorite scientists, Marie Curie. It reads, “I am among those who think that science has great beauty.”

In the lab now, I’m not afraid to take risks and try new things. When I boil my mixture too long, I still start over. But occasionally, when my teacher permits, I do a second experiment on the rejected liquid just to see what will happen. Sometimes nothing happens. Sometimes it results in utter failure. But other times, my mistakes create blue, green, and purple mixtures, mixtures that bubble and burst and fizz. All of these experiments are stitches in my quest to become a cancer researcher. They are messy, but they are beautiful.","This writer has done an excellent job talking about two very different aspects of their identity. What I love about this essay is that the structure of the essay itself shows the writer’s creativity and precision. The essay is well-organized and precise, but the writing has a unique and creative flair. It demonstrates the writer’s point exactly. I also appreciate how the writer doesn’t just talk about these parts of their identity. They explicitly connect their creativity and precision to their future goals as a scientist.

Why this essay stands out:

Creative approach: The writer doesn’t just say, “I have two identities: creative and logical.” Instead, they illustrate that point through the wonderful example of embroidery. Connecting embroidery with science also shows this creativity.
Attention-grabbing hook: The introductory paragraphs place readers immediately into the essay. We’re drawn in because we’re curious what the writer is doing and how it will evolve into a more meaningful message.
Connection between personal and academic interests: The writer makes it clear why this story matters for their life in college. The creative and precise personalities aren’t inconsequential—they have a real effect on who this person wants to be.
Forward-looking conclusion: The writer ends by subtly telling admissions officers what they’re interested in doing during and after college. ","stretch thin fabric hoop pull tight wedging nested ring leg secure shut hand next get thread color wound tightly around paper spool stored container whose original purpose store fishing tackle look pre-printed design fabric decide color select orange red pink yellow–this design bright happy make embroidery stem creative part identity converge stem side calculated meticulously plan design mock photoshop painstakingly transfer onto fabric organizes thread color place roygbiv cut every piece identical length 18 ” favorite stitch french knot methodical “ one two ” wrap sequence art precision creative side hand messy throw thread scrap floor without hesitation haphazardly add design element pen lazy daisy stitch lazily adding indescribable flourish simple backstitch method indeed madness ’ border design glitter glue hang finished project upside stitch big red x perfectly good embroidery art meaning two side may seem odds actually complement perfectly least ’ 3,000 etsy customer think three-inch hoop massive wall hanging etsy shop compilation best embroidery ’ ever done precision meaning earned hundred five-star review customer whose life ’ impacted art none art would possible without stem creative stem creative side complement embroidery life began creative side hustle actually made better scientist started embroidering approached lab bench eye like ruler poured millimeter much liquid better get pipette went degree boiling time start lab report demonstrated knowledge skill care ’ show innovation ingenuity precision led good scientist exceptional one realized exceptional needed think like real scientist scientist careful precise also interrogator constantly question world around identifying previously unseen problem finding creative solution become scientist wanted needed allow creative realization begun embroidery business ’ understand creativity could also useful lab set new path use creativity pursuit science inspire brought embroidery project lab stitched compound microscope quote one favorite scientist marie curie read “ among think science great beauty. ” lab ’ afraid take risk try new thing boil mixture long still start occasionally teacher permit second experiment rejected liquid see happen sometimes nothing happens sometimes result utter failure time mistake create blue green purple mixture mixture bubble burst fizz experiment stitch quest become cancer researcher messy beautiful",writer done excellent job talking two different aspect identity love essay structure essay show writer ’ creativity precision essay well-organized precise writing unique creative flair demonstrates writer ’ point exactly also appreciate writer ’ talk part identity explicitly connect creativity precision future goal scientist essay stand creative approach writer ’ say “ two identity creative logical. ” instead illustrate point wonderful example embroidery connecting embroidery science also show creativity attention-grabbing hook introductory paragraph place reader immediately essay ’ drawn ’ curious writer evolve meaningful message connection personal academic interest writer make clear story matter life college creative precise personality ’ inconsequential—they real effect person want forward-looking conclusion writer end subtly telling admission officer ’ interested college
" When I first met Simon, he was neither speaking nor singing. He was doing something in between. With words that flowed together like an ancient tributary, he spoke music. His hands grasping a microphone, he swayed slowly from side to side. He was a poet. But unlike that of Yeats or Dickenson, Simon’s poetry wasn’t meant to be read on a page—it was meant to be experienced like an aural work of art. And I had never experienced anything more beautiful. Disheartened, I realized that my words would never sound like Simon’s.

I sat in my on-deck seat. Forgetting that I was up next, I admired his craft. The crescendos and decrescendos that mirrored his pacing, the quick staccatos that punctuated each stanza, the rhymes so subtle they almost disappeared—every second of his spoken word pulled me further from reality. I listened to his words like a devout in church. Closing my eyes, I joined my hands together to count the syllables. From the outside, it probably looked like I was praying. And maybe I was. When Simon’s poem ended, the audience, though betrayed by the silence, erupted into applause.

It was my turn. I had spent an entire year perfecting my poem. My sister had grown accustomed to kicking me under the dinner table when someone asked me a question. She knew that my mind was in my beloved poetry notebook, mentally analyzing my latest draft. I’ve never been one for living in the moment. My report cards usually feature comments like, “She’s a good student but has trouble paying attention.” I’m always the first one out in dodgeball because my mind is completely absent from the school gym. But what seems like inattention to my teachers is actually a kind of profound focus.

When writing slam poetry, I become completely consumed. I like to start with the words. The rhythm and intonation come with time. For me, it’s about translating a feeling into language. It’s no easy task, but it feels like an obligation. Once the words come into being, they’re like a twister in my mind. They spin and spin, destroying every other thought in their path. I can’t focus on anything else because, in the aftermath of a twister, nothing else exists.

And there on the stage, nothing else existed besides me and my poem. I spoke it into existence. Like Simon, I wrapped my hands around the microphone, willing my poem to be heard. The twister exited my mind and entered the world.

A few weeks ago, I watched the recording of my first poetry slam, that slam two years ago when I saw Simon perform for the first time. I saw myself climb on stage from the dark abyss of the audience. I looked small, all alone on that big stage. My voice shook as I began. But soon, my poem rendered the stage smaller and smaller. I filled the darkness with words.

As I watched myself on my computer, I thought about how I felt that day, awe-struck in the audience by Simon’s work. I felt like I’d never be able to sound like him. And I was right. My poem didn’t sound like Simon’s, and none of my poems ever would. But in this moment, I realized that they were just as beautiful. My words sounded like me.","We would call this essay a “sacred practice” essay. It’s clear that slam poetry is deeply meaningful to the writer. They even call it “an obligation.” It’s a beautiful essay that also reflects the writer’s interest in poetry. They have some nice figurative language that adds interest to the story—it’s almost like the essay is in some ways a poem itself. And the story is a good one: it demonstrates the writer’s fears, strengths, and growth.

Why this essay stands out:

Deeply meaningful: We say it all the time because it’s true: college essays should be vulnerable and deeply meaningful. This essay oozes meaning. The writer even connects their love of slam poetry to who they are as a person.
Good organization and signposting: The narrative in this essay is a little complicated as the writer switches between the slam poetry event, reflection on past events, and reflection during current day. But because each paragraph is about a single topic, and because they use very clear topic sentences and transitions, it’s easy to follow the narrative thread.
Theme: The main theme in this essay is that the writer found their own voice through slam poetry. They had to experience growth to come to this realization. The very last sentence of the essay wonderfully ties back to the introduction and wraps up the entire essay.",first met simon neither speaking singing something word flowed together like ancient tributary spoke music hand grasping microphone swayed slowly side side poet unlike yeats dickenson simon ’ poetry ’ meant read page—it meant experienced like aural work art never experienced anything beautiful disheartened realized word would never sound like simon ’ sat on-deck seat forgetting next admired craft crescendo decrescendo mirrored pacing quick staccatos punctuated stanza rhyme subtle almost disappeared—every second spoken word pulled reality listened word like devout church closing eye joined hand together count syllable outside probably looked like praying maybe simon ’ poem ended audience though betrayed silence erupted applause turn spent entire year perfecting poem sister grown accustomed kicking dinner table someone asked question knew mind beloved poetry notebook mentally analyzing latest draft ’ never one living moment report card usually feature comment like “ ’ good student trouble paying attention. ” ’ always first one dodgeball mind completely absent school gym seems like inattention teacher actually kind profound focus writing slam poetry become completely consumed like start word rhythm intonation come time ’ translating feeling language ’ easy task feel like obligation word come ’ like twister mind spin spin destroying every thought path ’ focus anything else aftermath twister nothing else exists stage nothing else existed besides poem spoke existence like simon wrapped hand around microphone willing poem heard twister exited mind entered world week ago watched recording first poetry slam slam two year ago saw simon perform first time saw climb stage dark abyss audience looked small alone big stage voice shook began soon poem rendered stage smaller smaller filled darkness word watched computer thought felt day awe-struck audience simon ’ work felt like ’ never able sound like right poem ’ sound like simon ’ none poem ever would moment realized beautiful word sounded like,would call essay “ sacred practice ” essay ’ clear slam poetry deeply meaningful writer even call “ obligation. ” ’ beautiful essay also reflects writer ’ interest poetry nice figurative language add interest story—it ’ almost like essay way poem story good one demonstrates writer ’ fear strength growth essay stand deeply meaningful say time ’ true college essay vulnerable deeply meaningful essay ooze meaning writer even connects love slam poetry person good organization signposting narrative essay little complicated writer switch slam poetry event reflection past event reflection current day paragraph single topic use clear topic sentence transition ’ easy follow narrative thread theme main theme essay writer found voice slam poetry experience growth come realization last sentence essay wonderfully tie back introduction wrap entire essay
"My parents are the scrapbooking type. The crafty, crazy-cut scissors and construction paper, okay-everyone-make-a-silly-face-for-this-picture type.

Every summer, my entire family rents a small house in Wildwood, New Jersey for a week to catch up and enjoy the beach and good company. My favorite part is spending time with my cousin Steven, who is one year older than me. To us, there is nothing better than two pockets full of quarters, strolling down the boardwalk headed to an arcade, licking an ice cream cone, and laughing at all the novelty t-shirts for sale.

We have a “down the shore” scrapbook proudly displayed on our coffee table that holds memories from each of our family vacations. The scrapbook is such a fixture in our house that it blends in with its surroundings and I fully forgot it existed until this past March. I happened to pick it up and look at pictures from the first year we went. I was four, Steven was five, and there we were, shirtless in the living room, proudly displaying our kid “muscles” in front of a handmade sign that said “WELCOME 2 THE MUSLE SHOW”.

I cried when I saw it.

No, not because we spelled muscle wrong. The four-year-old in that picture had such a small and fragile frame. I was the kind of child who almost looked like they had six-pack abs because they are so slim. There was so much naivety in that picture that no longer exists.

I started gaining weight–a lot of weight–around the fifth grade. My parents are wonderful role models in the way they treat others, but they aren’t exactly paragons of healthy eating. Looking through the scrapbook, none of the adults in my family were particularly healthy. I distinctly remember my dad saying to me sometime in elementary school, “what do these people go to the gym for, anyway? What are you going to do with all those muscles?” I spent elementary and middle school on a steady diet of McDonald’s, Doritos, and video games.

I hit 200 pounds at age 14. One day in my least favorite class, PE, we had to do a push-up competition. Not only could I not do one, I was out of breath just getting up and down from the floor. Something had to change.

I turned to one thing I was good at to figure out a solution: reading. I read books like “Why We Get Fat” by Gary Taubes and started to learn the science behind calories, carbs, insulin, and soon, exercise. Even though neither of my parents had ever been inside a gym, I convinced them to buy me some training sessions and a membership that Christmas.

It’s remarkable what happens when you suddenly stop consuming fried chicken and soda, go for a daily 20-minute power walk, and exercise a few times a week. Progress in losing weight actually came sooner than I expected. By sophomore year, I was lifting weights four times a week after school and felt more comfortable in the gym than anywhere else.

I also noticed my attitude towards schoolwork was changing. I felt like I had control in my life for the first time. I had spent countless hours trying to “level up” fake characters in video games (OK, I still do that…). But leveling up myself–my own body and mind–was life changing. So much in life is out of our control, but realizing that, at least to an extent, my own health is within my control brought a new sense of purpose, responsibility, and pride.

Today, I’m at a healthy weight, my grades have improved, and I have even taken several of my friends to the gym for their first time. I look forward to continuing my healthy trend in college and beyond.

I’ll see Steven again at this summer’s beach trip. We have decided to recreate the “musle show” picture–this time with better spelling and in better health. ","What I like about this essay is how it weaves together multiple parts of this writer’s life. We get their family background, their sense of self, and their values, interests, and goals. The writer takes us on a journey with them. We see their determination in finding solutions to the problems they’re facing, and we also clearly see their personality and voice.

Why this essay stands out:

Upward-trending growth structure: This writer nails this essay structure. We clearly see that they begin at a “point A” where things aren’t so great, and they steadily make their way to “point B.” By the end, we truly get a sense of how they’ve grown through the journey.
Connections: This essay isn’t just about the writer’s health journey. It’s also about their “sense of purpose, responsibility, and pride.” Their changes expanded to even more parts of their life, and we can see that they are a person who takes initiative and gets creative with solutions.
Conclusion: I especially love the way this conclusion brings everything full-circle. The “musle show” reference at the end ties the journey nicely together with a bow and ends with a sense of forward movement. ",parent scrapbooking type crafty crazy-cut scissors construction paper okay-everyone-make-a-silly-face-for-this-picture type every summer entire family rent small house wildwood new jersey week catch enjoy beach good company favorite part spending time cousin steven one year older u nothing better two pocket full quarter strolling boardwalk headed arcade licking ice cream cone laughing novelty t-shirt sale “ shore ” scrapbook proudly displayed coffee table hold memory family vacation scrapbook fixture house blend surroundings fully forgot existed past march happened pick look picture first year went four steven five shirtless living room proudly displaying kid “ muscle ” front handmade sign said “ welcome 2 musle show ” cried saw spelled muscle wrong four-year-old picture small fragile frame kind child almost looked like six-pack ab slim much naivety picture longer exists started gaining weight–a lot weight–around fifth grade parent wonderful role model way treat others ’ exactly paragon healthy eating looking scrapbook none adult family particularly healthy distinctly remember dad saying sometime elementary school “ people go gym anyway going muscle ” spent elementary middle school steady diet mcdonald ’ doritos video game hit 200 pound age 14. one day least favorite class pe push-up competition could one breath getting floor something change turned one thing good figure solution reading read book like “ get fat ” gary taubes started learn science behind calorie carbs insulin soon exercise even though neither parent ever inside gym convinced buy training session membership christmas ’ remarkable happens suddenly stop consuming fried chicken soda go daily 20-minute power walk exercise time week progress losing weight actually came sooner expected sophomore year lifting weight four time week school felt comfortable gym anywhere else also noticed attitude towards schoolwork changing felt like control life first time spent countless hour trying “ level ” fake character video game ok still that… leveling myself–my body mind–was life changing much life control realizing least extent health within control brought new sense purpose responsibility pride today ’ healthy weight grade improved even taken several friend gym first time look forward continuing healthy trend college beyond ’ see steven summer ’ beach trip decided recreate “ musle show ” picture–this time better spelling better health,like essay weave together multiple part writer ’ life get family background sense self value interest goal writer take u journey see determination finding solution problem ’ facing also clearly see personality voice essay stand upward-trending growth structure writer nail essay structure clearly see begin “ point ” thing ’ great steadily make way “ point b. ” end truly get sense ’ grown journey connection essay ’ writer ’ health journey ’ also “ sense purpose responsibility pride. ” change expanded even part life see person take initiative get creative solution conclusion especially love way conclusion brings everything full-circle “ musle show ” reference end tie journey nicely together bow end sense forward movement
" While some high schoolers get in trouble for skipping class, I get in trouble for arguing with my local government officials on Twitter. But when lives are at stake, I can take the heat.

I live at the intersection of 33rd and Spruce. The intersection itself sits between a large bend and a bundle of white oak trees—a recipe for obstructed views. Drivers careen around the corner, Indy 500-style, and are abruptly met with oncoming traffic. Neither can see the other through the oaks. What is otherwise a beautiful intersection makes for awfully dangerous driving conditions.

Living by this intersection my whole life, I’ve heard countless crashes and collisions. The screeching tires and cacophony of crushing car parts is seared in my mind. As neighbors, we are often the first on the scene. Cell phone in hand, I’ve run out to help several motorists who didn’t know what was coming. After the most recent crash, where a car flipped into the ditch, I knew that something had to change. We needed a stop sign.

I began with a google search, which led me to my local Stop Sign Request Form. According to the form, a government official would reach out to me. If they deemed it appropriate, we’d work together to assess whether the intersection qualified for a stop sign.

Their response took months. While I waited, I began collecting evidence on my own. After noticing that the security camera on my house pointed toward the intersection, I decided to put the skills I’d been developing in AP Computer Science to work. I wrote a simple code that tabulated the number of cars that passed through the intersection each day. Briefly reviewing the footage each night also helped me determine how many cars were likely going over the posted speed limit of forty miles per hour. Alongside these statistics, I went back into our cloud history to find footage of the crashes that had occurred.

When I finally heard back from the city, I was ready to make my case. My confidence deflated as soon as I opened the email: Thank you for filling out a Stop Sign Request Form, the email read. At this time, we do not have reason to believe that the intersection of 33rd Street and Spruce Street meets the criteria for a two-way stop sign. The city had disagreed with my recommendation and denied my request.

I took a moment to collect myself. How could the city not care about the safety of its citizens? Were human lives not worth looking into a simple stop sign? I took to Twitter, posting statistics from my research, photos of the obstructed view, and a security camera compilation of cars speeding by. I tagged my local representatives, and I asked for help.

While not all of them were receptive to my post, one particularly helpful representative connected me with my city’s City Engineer. The representative instructed me to send the City Engineer all of the evidence I had collected along with another copy of my Stop Sign Request Form.

The engineer was impressed with the code I wrote and the tracking system I’d put together, and she agreed to meet me at my house to do an inspection of the intersection. I accompanied her on the inspection so I could watch what she did. After working so hard to advocate for my community, it felt good to have my opinions heard.

In the end, I got my stop sign. Drivers still occasionally speed, but I was astounded by the outpouring of thanks I received after my neighborhood was alerted of the change. My foray into local government was an eventful but rewarding one. And even though I’ve secured my stop sign, I’ll still be doing stop sign research this summer—this time as an intern at the City Engineer’s office. ","This essay combines a story of personal strengths with an impactful accomplishment. It’s not necessary to write about one of your accomplishments in your college essays, but if that’s the route you want to go down, then this approach is a good one. Notice how it focuses on concrete action steps, emphasizes the skills the writer learned and used, and highlights how their actions impacted their community. A stop sign may seem small in the grand scheme of things, but the writer shows just how important this effort was.

Why this essay stands out:

Community impact: The accomplishment this writer chose to write about is an impressive one. Admissions officers are always looking at how applicants interact with their communities, so this story showcases the writer’s willingness to help and engage with those around them.
Strengths: Above all, we see that the writer is solutions-oriented. They are a “founder” or “builder” archetype and aren’t afraid to tackle hard problems. The writer also explicitly shows how they solved the problem using impressive skills.
Narrative momentum: This essay is easy to read because we’re always wondering what’s going to happen next. The hook is very catchy, the ups and downs of the writer’s struggle to solve this problem are clear, and the conclusion points to the overall significance of the story and looks toward its future impact. ",high schoolers get trouble skipping class get trouble arguing local government official twitter life stake take heat live intersection 33rd spruce intersection sits large bend bundle white oak trees—a recipe obstructed view driver careen around corner indy 500-style abruptly met oncoming traffic neither see oak otherwise beautiful intersection make awfully dangerous driving condition living intersection whole life ’ heard countless crash collision screeching tire cacophony crushing car part seared mind neighbor often first scene cell phone hand ’ run help several motorist ’ know coming recent crash car flipped ditch knew something change needed stop sign began google search led local stop sign request form according form government official would reach deemed appropriate ’ work together ass whether intersection qualified stop sign response took month waited began collecting evidence noticing security camera house pointed toward intersection decided put skill ’ developing ap computer science work wrote simple code tabulated number car passed intersection day briefly reviewing footage night also helped determine many car likely going posted speed limit forty mile per hour alongside statistic went back cloud history find footage crash occurred finally heard back city ready make case confidence deflated soon opened email thank filling stop sign request form email read time reason believe intersection 33rd street spruce street meet criterion two-way stop sign city disagreed recommendation denied request took moment collect could city care safety citizen human life worth looking simple stop sign took twitter posting statistic research photo obstructed view security camera compilation car speeding tagged local representative asked help receptive post one particularly helpful representative connected city ’ city engineer representative instructed send city engineer evidence collected along another copy stop sign request form engineer impressed code wrote tracking system ’ put together agreed meet house inspection intersection accompanied inspection could watch working hard advocate community felt good opinion heard end got stop sign driver still occasionally speed astounded outpouring thanks received neighborhood alerted change foray local government eventful rewarding one even though ’ secured stop sign ’ still stop sign research summer—this time intern city engineer ’ office,essay combine story personal strength impactful accomplishment ’ necessary write one accomplishment college essay ’ route want go approach good one notice focus concrete action step emphasizes skill writer learned used highlight action impacted community stop sign may seem small grand scheme thing writer show important effort essay stand community impact accomplishment writer chose write impressive one admission officer always looking applicant interact community story showcase writer ’ willingness help engage around strength see writer solutions-oriented “ founder ” “ builder ” archetype ’ afraid tackle hard problem writer also explicitly show solved problem using impressive skill narrative momentum essay easy read ’ always wondering ’ going happen next hook catchy ups down writer ’ struggle solve problem clear conclusion point overall significance story look toward future impact
"Surrounded by carnations, dahlias, and marigolds, I laid down on the hard dirt, sweating from the midday sun. While my garden was a labor of love, it was still a labor. I’d spent months during the beginning of the pandemic researching how to set up beds correctly, choose seeds and fertilizers, and run a small business. A year later, this summer would be the second harvest of Fran’s Flower Farm.

As I prepared the yield for my small table at that week’s farmers market, I reflected on how far I had come. Prior to the pandemic, I had never even dug in the dirt. I didn’t know anything about seed germination or nitrogen levels. I had my own Instagram, but I had never had to market anything or think about overhead costs. I was a total and complete newb.

But my life, like everyone’s, changed in spring of 2020. Lockdown rendered me depressed and hopeless until one day when my mom ordered me a bouquet of flowers along with our grocery delivery. The bouquet was a simple grocery store arrangement of sunflowers. A few petals were wilting at the ends, and the stems were smashed from the flour that had been in the same plastic bag. But they were perfect. Such a small and thoughtful gesture, that bouquet inspired me to get to work.

Lucky enough to have space for flower beds, I mapped out four different six-foot beds in my backyard. Garden tools stolen from my mom and borrowed from socially-distanced neighbors in hand, I added compost, arranged my seeds, watered, and mulched. I laid protective plastic over my beds, tucking them in like a child, and wrapped the garden in decade-old chickenwire I found in our barn. My garden was imperfect–compost trailed between beds, my hose wrapped around my shovel in a heap on the ground, and the chickenwire was dented and rusty. But it was all mine, and it was alive.

As the pandemic waged on, I tended to my flowers. Each morning, I’d peek under the plastic to see how they had fared throughout the night. They gave me routine and purpose when the days seemed droning and neverending. The longer I kept them alive, the more their sprouts brought me life, too. In a world that seemed to come to a halt, my flowers showed me that growth wasn’t just possible–it was happening right in front of me.

The business side came soon after. Later that summer, once my first crop had bloomed, I set up a roadside stand outside of my house. At that point, I had to put my flower buckets across the driveway from my stand to keep everyone safe. But my flowers brightened the days of hundreds of passing motorists. With growing confidence, I secured a spot at the farmer’s market by July, my business boomed. Returning all profits to my garden, I’ve expanded my operations to include two more flower beds this year.

I’m proud of how far my gardening and business skills have come, but what has been most fulfilling about Fran’s Flower Farm have been the connections I’ve made. The pandemic was difficult for everyone, but it was especially difficult for healthcare workers. As the child of a healthcare worker myself, these challenges have been close to home. Knowing how greatly that bouquet of sunflowers affected me, I make sure to donate flowers to my local hospital in thanks every week.

Three years ago, I would never have guessed that I’d own my own flower farm. It’s brought me so many joys, challenges, and friends. I know I won’t be able to bring my flower farm with me to college. But the heart of the farm is more than the flowers. It’s about me learning and using my skills to help others. Wherever I’m planted, I know that I will bloom. ","I don’t know about you, but I’d love to buy a bouquet of flowers from this student! While the ending is a bit cliche, we really see how far this student has come in their journey as a farmer and a business person. We also see the magnitude of their impact. They not only grew a successful small business, but they also gave back to the healthcare workers in their community. The student is definitely one I could see thriving in a campus community.

Why this essay stands out:

Topic and accomplishments: Like The Stop Sign, this essay conveys an impressive accomplishment. But the essay isn’t bragging about it or overstating its significance. It works well because the writer tells a genuine story about a passion they developed.
Variety: The writer also manages to show us two distinct strengths in one essay. We see their strength as a DIY farmer and as a business person. They are clearly a founder archetype.
Organization and style: The essay opens with a beautiful description, and we get a lot of good language",surrounded carnation dahlia marigold laid hard dirt sweating midday sun garden labor love still labor ’ spent month beginning pandemic researching set bed correctly choose seed fertilizer run small business year later summer would second harvest fran ’ flower farm prepared yield small table week ’ farmer market reflected far come prior pandemic never even dug dirt ’ know anything seed germination nitrogen level instagram never market anything think overhead cost total complete newb life like everyone ’ changed spring 2020. lockdown rendered depressed hopeless one day mom ordered bouquet flower along grocery delivery bouquet simple grocery store arrangement sunflower petal wilting end stem smashed flour plastic bag perfect small thoughtful gesture bouquet inspired get work lucky enough space flower bed mapped four different six-foot bed backyard garden tool stolen mom borrowed socially-distanced neighbor hand added compost arranged seed watered mulched laid protective plastic bed tucking like child wrapped garden decade-old chickenwire found barn garden imperfect–compost trailed bed hose wrapped around shovel heap ground chickenwire dented rusty mine alive pandemic waged tended flower morning ’ peek plastic see fared throughout night gave routine purpose day seemed droning neverending longer kept alive sprout brought life world seemed come halt flower showed growth ’ possible–it happening right front business side came soon later summer first crop bloomed set roadside stand outside house point put flower bucket across driveway stand keep everyone safe flower brightened day hundred passing motorist growing confidence secured spot farmer ’ market july business boomed returning profit garden ’ expanded operation include two flower bed year ’ proud far gardening business skill come fulfilling fran ’ flower farm connection ’ made pandemic difficult everyone especially difficult healthcare worker child healthcare worker challenge close home knowing greatly bouquet sunflower affected make sure donate flower local hospital thanks every week three year ago would never guessed ’ flower farm ’ brought many joy challenge friend know ’ able bring flower farm college heart farm flower ’ learning using skill help others wherever ’ planted know bloom,’ know ’ love buy bouquet flower student ending bit cliche really see far student come journey farmer business person also see magnitude impact grew successful small business also gave back healthcare worker community student definitely one could see thriving campus community essay stand topic accomplishment like stop sign essay conveys impressive accomplishment essay ’ bragging overstating significance work well writer tell genuine story passion developed variety writer also manages show u two distinct strength one essay see strength diy farmer business person clearly founder archetype organization style essay open beautiful description get lot good language
"I had a stuffed animal named Elephant when I was a child. I’ve long since outgrown Elephant, but now I have a new object that I keep around for comfort: my emotional support water bottle. A gray thirty-two-ounce wide-mouth Hydroflask, my emotional support water bottle accompanies me everywhere.

The water bottle was a gift last Christmas after I begged my mom for one. The brand had become extremely popular at my school, and I wanted in on the trend. When I opened the package that Christmas morning, I was elated. I felt an immediate attachment, and I was proud that I could finally fit in with the other kids at my school.

I had always felt like an outsider. Other students seemed to fit together like puzzle pieces. But as much as I tried, I couldn’t find a picture that matched my piece. I envied the tight-knit friendships I saw among my peers.

As soon as I unwrapped my water bottle, I decided that I needed stickers to match. The kids at my school always had stickers on theirs. I found the perfect pack. It had animated depictions of every famous literary character imaginable. Jane Austen characters, Jay Gatsby, Sherlock Holmes, Guy Montag, Jane Eyre, and more. I couldn’t believe my luck.

No matter how disconnected I felt from my classmates, I could always find a community on my bookshelf. I sat in the courtroom with Atticus Finch, walked through the streets of Saint Petersburg with Raskolnikov, and watched the revolution unfold alongside Satrapi. My literary friends kept me optimistic through difficult times, and I was glad to see them every day on my beloved Hydroflask.

After winter break ended, I couldn’t wait to debut my new accessory. I placed it atop my desk in each class, angling my favorite stickers outward in hopes of connection. I was profoundly comforted by its presence—I could always take a sip of water when I felt thirsty or uncomfortable, and its stickers promised to draw people in.

To my dismay, weeks went by, and no one noticed my Hydroflask or stickers. The school was filled with dozens more Hydroflasks after the holidays, so mine didn’t seem so special. What had once filled me with so much hope and support transformed into a reminder of an unfulfilled promise of friendship.

I coped with the disappointment by re-reading one of my childhood favorites, Le Petit Prince. Near the end, when the little prince returns to water his flower, I had a realization. I couldn’t wait around for people to come to me. I had to bring the water to them.

The next day at school, I held my Hydroflask close and gathered all my courage. I headed into the lunch room and spotted Jordan, one of the people I’d chatted with in class. She was sitting alone at a table, reading a book I couldn’t identify. I asked if I could join her. Nodding, she told me about her book, White Teeth. When I placed my Hydroflask on the lunch table, she noticed my stickers. Together, we went through every sticker and talked about the character’s book.

Jordan and I spent the next day’s lunch exchanging laughter and book recommendations. She had a water bottle of her own, too. It was a classic Nalgene without a single sticker. As our friendship grew stronger, I brought Jordan the last sticker from my collection, a rainbow bookmark that read, “BOOKWORM.”

I’ve always looked to the world around me for comfort instead of finding courage within myself. Elephant still sits on my shelf, I continue to be an avid reader, and I always carry my Hydroflask around for hydration. But this learning process has taught me the importance of having confidence and finding the ability to reach out to others. I can’t wait to carry this skill with me to college—after I get some more stickers. ","Ah, the emotional support water bottle. We’ve all had one! This writer does a wonderful job connecting an otherwise simple object to a larger story about an important part of their life. We also learn a lot about the student, their background, their goals, and their interests from this essay. I especially like how the essay shows the writer’s academic passion (literature) without being an explicitly academic-focused essay.

What makes this essay good:

Storytelling: With their love of reading, it’s no wonder this writer is a good storyteller. As readers, we get a very clear sense of how the events progressed and changed the reader’s perspective.
Compelling hook: This essay’s introduction is attention-grabbing and quirky. It compels readers to continue on in the essay to find out what, exactly the writer is talking about.
Clean conclusion: The conclusion is a fantastic example of what college essay conclusions should do. It reflects back on the essay, ties up loose ends, and looks forward to how these lessons will apply to the writer’s future.
What the writer could do to level up:

Core Strengths: While we learn a lot about the writer from the essay, there could be a stronger sense of core strengths. We see that they are a strong reader, but that strength doesn’t necessarily connect to their overall message. We also see that they are eager to connect and become a good friend with Jordan, but they don’t all connect seamlessly into a specific archetype or two. A good question to ask yourself is: how would the strengths I show in this essay convince an admissions officer that I will be a good addition to their campus?",stuffed animal named elephant child ’ long since outgrown elephant new object keep around comfort emotional support water bottle gray thirty-two-ounce wide-mouth hydroflask emotional support water bottle accompanies everywhere water bottle gift last christmas begged mom one brand become extremely popular school wanted trend opened package christmas morning elated felt immediate attachment proud could finally fit kid school always felt like outsider student seemed fit together like puzzle piece much tried ’ find picture matched piece envied tight-knit friendship saw among peer soon unwrapped water bottle decided needed sticker match kid school always sticker found perfect pack animated depiction every famous literary character imaginable jane austen character jay gatsby sherlock holmes guy montag jane eyre ’ believe luck matter disconnected felt classmate could always find community bookshelf sat courtroom atticus finch walked street saint petersburg raskolnikov watched revolution unfold alongside satrapi literary friend kept optimistic difficult time glad see every day beloved hydroflask winter break ended ’ wait debut new accessory placed atop desk class angling favorite sticker outward hope connection profoundly comforted presence—i could always take sip water felt thirsty uncomfortable sticker promised draw people dismay week went one noticed hydroflask sticker school filled dozen hydroflasks holiday mine ’ seem special filled much hope support transformed reminder unfulfilled promise friendship coped disappointment re-reading one childhood favorite le petit prince near end little prince return water flower realization ’ wait around people come bring water next day school held hydroflask close gathered courage headed lunch room spotted jordan one people ’ chatted class sitting alone table reading book ’ identify asked could join nodding told book white teeth placed hydroflask lunch table noticed sticker together went every sticker talked character ’ book jordan spent next day ’ lunch exchanging laughter book recommendation water bottle classic nalgene without single sticker friendship grew stronger brought jordan last sticker collection rainbow bookmark read “ bookworm. ” ’ always looked world around comfort instead finding courage within elephant still sits shelf continue avid reader always carry hydroflask around hydration learning process taught importance confidence finding ability reach others ’ wait carry skill college—after get sticker,ah emotional support water bottle ’ one writer wonderful job connecting otherwise simple object larger story important part life also learn lot student background goal interest essay especially like essay show writer ’ academic passion literature without explicitly academic-focused essay make essay good storytelling love reading ’ wonder writer good storyteller reader get clear sense event progressed changed reader ’ perspective compelling hook essay ’ introduction attention-grabbing quirky compels reader continue essay find exactly writer talking clean conclusion conclusion fantastic example college essay conclusion reflects back essay tie loose end look forward lesson apply writer ’ future writer could level core strength learn lot writer essay could stronger sense core strength see strong reader strength ’ necessarily connect overall message also see eager connect become good friend jordan ’ connect seamlessly specific archetype two good question ask would strength show essay convince admission officer good addition campus
" The sun shone through my airplane window, hitting the tray table exactly right to reveal the greasy handprint of a child. Beside me, a woman cleared her throat as she rifled through her purse, and the tween next to her tapped away on an iPad. The knees of the tall man behind me pushed against the back of my chair. Together, we headed to Pennsylvania.

This wasn’t my first trip to Pennsylvania, and it wouldn’t be my last. But it was my first trip traveling as a party of one. Barely past the unaccompanied minor cutoff, I departed for a month-long and court-ordered trip to my dad’s house. I wasn’t eager to travel alone. I felt afraid, too young to do this by myself. I wanted to go back home. But I decided to embrace the journey as an adventure.

With the growing whirr of the engines, the plane ascended. All around me, my neighbors breathed sighs of relief when we reached cruising altitude. I tightened my seatbelt across my lap, steadying myself for the five-hour trip, and took in the scene. Always the quiet and careful observer, a full flight was my Sistine Chapel.

The woman to my right was wearing all black. She extracted her laptop from her bag the moment the flight attendants permitted, and she created a PowerPoint presentation from scratch before the drinks cart had even started down the aisle. She was all business. I imagined that she signed her emails with nothing but her name, that she read Keynes in her free time, and that people listened when she spoke. She was everything I longed to be.

Next was the tween, only a few years younger than I was. Clearly afraid of flying, the tween reached across the aisle to a man who was presumably her father. I found it endearing that she reached out in fear. The dad’s reassurance didn’t just comfort the tween. It comforted me. So far from home, his quiet calm reminded me of the parent waiting to pick me up at the other end of this journey. I remembered reaching out for my own father’s hand when we flew to Pennsylvania for the first time. Now, I watched the dad squeeze the tween’s hand. I felt guilty for the frustration I felt about the trip. I was excited to see my dad.

And finally, there was the man behind me. Aside from the brief glimpse I got during boarding, I didn’t know what he looked like. But there were two things I knew to be true. First, he was tall. The longer the flight went on, the more apologetically his knees bumped against my seat. Second, I felt emboldened by his ability to take up space. With each nudge forward, I spread myself a little bigger, daring to exist in a world I normally wanted to hide from.

Four hours into the flight, turbulence hit. The long-legged man yelped as his knee hit the metal of the seat. Bigger now, I was able to brace myself against the impact. I looked to the tween, who I expected to be a wreck. Instead, I saw a calm girl handing napkins to her dad, whose drink had spilled in the commotion. Her care for him mirrored the care he had shown for her. The woman next to me, who had seemed so steadfast, gasped when the plane shot downward. Her hand reached for her chest as she caught herself, surprised. I moved my arm from our shared armrest, giving her space. She smiled in appreciation.

After the turbulence had ended, I looked at myself. My hands were folded neatly in my lap. I realized that although I was flying solo, I was surrounded by strangers whose stories intersected with my own. When we landed, I ran into my dad’s arms. “You’ve grown,” he smiled.","This essay is an endearing story about the writer’s first solo plane ride. The narrative is what we would characterize as a “going on a journey” essay—both literally and figuratively. As the writer makes this cross-country trip, they also go through a long personal journey. I especially like the tie between the introduction and conclusion. Along the way, we also learn about the writer through their observations of the other people on the flight.

What makes this essay good:

Introduction: The first two paragraphs draw the reader in, descriptively set the scene, and establish what is at stake for the writer. We are dropped right into the journey alongside them.
Vivid language: Throughout the essay, the writer uses interesting and vivid language that helps draw the reader in. The details aren’t overwhelming but add depth to the narrative.
Reflection throughout: One of the most challenging parts of writing this kind of essay is figuring out how to incorporate your reflection throughout. Many writers mistakenly save it all to the end. But this writer does it the right way by adding reflection at each stop along their journey.
What the writer could do to level up:

Focus on the self: As-is, this essay tells us a lot about the writer. But it’s nearing on committing one of the biggest college essay writing faux pas: focusing on people other than yourself. I think the writer is getting close to that line but doesn’t yet cross it because of the reflection throughout. But to make the essay even better, the writer could still draw more focus to their own experiences.",sun shone airplane window hitting tray table exactly right reveal greasy handprint child beside woman cleared throat rifled purse tween next tapped away ipad knee tall man behind pushed back chair together headed pennsylvania ’ first trip pennsylvania ’ last first trip traveling party one barely past unaccompanied minor cutoff departed month-long court-ordered trip dad ’ house ’ eager travel alone felt afraid young wanted go back home decided embrace journey adventure growing whirr engine plane ascended around neighbor breathed sigh relief reached cruising altitude tightened seatbelt across lap steadying five-hour trip took scene always quiet careful observer full flight sistine chapel woman right wearing black extracted laptop bag moment flight attendant permitted created powerpoint presentation scratch drink cart even started aisle business imagined signed email nothing name read keynes free time people listened spoke everything longed next tween year younger clearly afraid flying tween reached across aisle man presumably father found endearing reached fear dad ’ reassurance ’ comfort tween comforted far home quiet calm reminded parent waiting pick end journey remembered reaching father ’ hand flew pennsylvania first time watched dad squeeze tween ’ hand felt guilty frustration felt trip excited see dad finally man behind aside brief glimpse got boarding ’ know looked like two thing knew true first tall longer flight went apologetically knee bumped seat second felt emboldened ability take space nudge forward spread little bigger daring exist world normally wanted hide four hour flight turbulence hit long-legged man yelped knee hit metal seat bigger able brace impact looked tween expected wreck instead saw calm girl handing napkin dad whose drink spilled commotion care mirrored care shown woman next seemed steadfast gasped plane shot downward hand reached chest caught surprised moved arm shared armrest giving space smiled appreciation turbulence ended looked hand folded neatly lap realized although flying solo surrounded stranger whose story intersected landed ran dad ’ arm “ ’ grown ” smiled,essay endearing story writer ’ first solo plane ride narrative would characterize “ going journey ” essay—both literally figuratively writer make cross-country trip also go long personal journey especially like tie introduction conclusion along way also learn writer observation people flight make essay good introduction first two paragraph draw reader descriptively set scene establish stake writer dropped right journey alongside vivid language throughout essay writer us interesting vivid language help draw reader detail ’ overwhelming add depth narrative reflection throughout one challenging part writing kind essay figuring incorporate reflection throughout many writer mistakenly save end writer right way adding reflection stop along journey writer could level focus self as-is essay tell u lot writer ’ nearing committing one biggest college essay writing faux pa focusing people think writer getting close line ’ yet cross reflection throughout make essay even better writer could still draw focus experience
" I’m a klutz—that’s it, that’s my greatest talent. I’ve honed my clumsiness to perfection, putting in more than my 10,000 hours over the last… 17 years of my life.

When I was six or seven, I was always the one tripping over my own feet, knocking things over. (“This is why we can’t have nice things!” my mom used to scream, half in jest and half in exasperation.) My parents used to joke that I was the only person who could trip on a flat surface. But unfortunately for me, despite doing my due diligence into flat-earth theory, I found that there was a prevailingly devilish curve to everything around me. If it had a lip, an edge, or a slick spot, I found it.

As I got older, my talent for being a klutz grew. I managed to trip over my own backpack on a daily basis, and I once fell down a flight of stairs while holding a tray of cookies (I was trying to be a good hostess, but it didn't end well). My friends and family came to expect it, and after those first few years of irritated glances, they began to meet my clumsiness with a laugh and an extended hand.

Being a klutz isn't all bad. In fact, it has some pretty decent perks. For one thing, it’s helped me become more empathetic. I know what it feels like to stumble and fall (and stumble and fall, and stumble and fall, and…), and I’m always ready to offer a kind word and a hug to someone who’s having a tough time. I also have a great sense of humor—a defense mechanism thanks to all of the embarrassing moments that I’ve created for myself. And let's not forget the fact that I am never bored. There is always something to trip over or knock over. Neither I nor anyone around me ever lacks for entertainment.

One of the biggest benefits of being a klutz is the unexpected friendships it has given me. For example, I once tripped and fell into a ditch while hiking with a group of near-strangers I had met at a trailhead. Surrounded by brambles and thorns, three of them jumped right down with me to hoist me out. My graceless tumble became an inside joke of the trip and we all ended up becoming good friends. I was still embarrassed, of course, but I’m grateful that my clumsiness opened up a new door for friendship that day.

Being a klutz has also taught me to be patient with myself, and to not take myself too seriously. It has taught me to always be prepared for the unexpected, and to always have a good sense of humor. And most importantly, it has taught me to be kind to others, especially when they are having a tough time.

So, if you are looking for someone who’s a little bit quirky and a lot of fun, I’m your girl. I may not be the most graceful person on the planet, or on your campus, but I am confident, kind, and always up for a good laugh. Anyway, where's the fun in being graceful? Just, please, if you do accept me—I’d really appreciate some foam bumpers on the sharp surfaces in my dorm.","This essay is kind of a goofy one. I’ve included it as an example because I want to show you that it’s okay for your college essay to have some personality! Your college essay doesn’t have to be a big, serious rumination on some deep topic. Especially if you’re a goofy person yourself, it’s completely okay for you to choose a more light-hearted topic that showcases your personality. If you do, just be sure to follow this writer’s lead and still write an essay that showcases your strengths.

What makes this essay good:

Topic choice and personal voice: When we read this essay, we get a crystal clear picture of who the student is because the topic allows them to really write in their own voice. I feel like I know the student after reading it.
Strengths: All college essays should communicate a core strength to the reader. This essay does an exceptional job at transforming something most people would consider a weakness—being clumsy—into clear strengths—empathy, humor, friendship, patience. Overall, we see that the writer
What the writer could do to level up:

Writing style: The biggest tweak this writer could make would be leveling up the writing style. As it is now, it reads like a five-paragraph essay: first I did this, then this, and then this third thing. Changing up the organization and topic sentences could help the writing come across as more mature ","’ klutz—that ’ ’ greatest talent ’ honed clumsiness perfection putting 10,000 hour last… 17 year life six seven always one tripping foot knocking thing “ ’ nice thing ” mom used scream half jest half exasperation parent used joke person could trip flat surface unfortunately despite due diligence flat-earth theory found prevailingly devilish curve everything around lip edge slick spot found got older talent klutz grew managed trip backpack daily basis fell flight stair holding tray cooky trying good hostess n't end well friend family came expect first year irritated glance began meet clumsiness laugh extended hand klutz n't bad fact pretty decent perk one thing ’ helped become empathetic know feel like stumble fall stumble fall stumble fall and… ’ always ready offer kind word hug someone ’ tough time also great sense humor—a defense mechanism thanks embarrassing moment ’ created let 's forget fact never bored always something trip knock neither anyone around ever lack entertainment one biggest benefit klutz unexpected friendship given example tripped fell ditch hiking group near-strangers met trailhead surrounded bramble thorn three jumped right hoist graceless tumble became inside joke trip ended becoming good friend still embarrassed course ’ grateful clumsiness opened new door friendship day klutz also taught patient take seriously taught always prepared unexpected always good sense humor importantly taught kind others especially tough time looking someone ’ little bit quirky lot fun ’ girl may graceful person planet campus confident kind always good laugh anyway 's fun graceful please accept me—i ’ really appreciate foam bumper sharp surface dorm",essay kind goofy one ’ included example want show ’ okay college essay personality college essay ’ big serious rumination deep topic especially ’ goofy person ’ completely okay choose light-hearted topic showcase personality sure follow writer ’ lead still write essay showcase strength make essay good topic choice personal voice read essay get crystal clear picture student topic allows really write voice feel like know student reading strength college essay communicate core strength reader essay exceptional job transforming something people would consider weakness—being clumsy—into clear strengths—empathy humor friendship patience overall see writer writer could level writing style biggest tweak writer could make would leveling writing style read like five-paragraph essay first third thing changing organization topic sentence could help writing come across mature
" I am a psychic who thinks in terms of fours and threes. Deal me any hand of Gin, and I can guarantee I’ll have you beat. I stare at the cards in my hand and see numbers moving in my mind. Like a mathemetician at a chalkboard, I plan out my next move. I use logic, memory, and a little bit of luck to guess exactly what your hand looks like. The possible combinations seem endless—four Kings and a run of three, three nines and four Queens, a run of four and three sevens, and many, many more. What I love most about playing Gin is the predictability. While I may not know what’s coming, I can use what I already know to strategize, adapt, and have fun along the way.

My Gin career began as a small child. My aunt taught me how to play the game while we were camping. My hands were so small that we had to use a chip clip to keep the cards in place. I was at first intimated by the “big kid game,” as I called it then, but soon I couldn’t get enough. I forced my entire family to play, and I even roped in the kids at the campsite next to us. My aunt, a mathematician, is a skilled Gin player. She passed her tips and tricks along to me. After a few years of playing, she was the only opponent I couldn’t beat.

Last summer was the first time it finally happened. I bested her. I had a hand with three Aces and a run of Spades. I needed another Ace or a three or seven of Spades. When I drew that final Ace from the deck, I could hardly believe it. I paused to count my cards again. I drew my hands to my chest, looked up at my aunt slowly and triumphantly, and calmly declared, “Gin.” My aunt squealed and embraced me, proud of all the progress her protegee had made.

This win came from a year of hard work. I read every book on Gin I could find at the library, watched countless YouTube videos, and became an expert on Gin’s more lively counterpart, Gin Rummy. Learning and practicing drew me into a huge online community of Gin enthusiasts. I never thought that I’d meet some of my best friends through a card game, but I did. Every night, we’d compete against each other. And with each match, my skills would sharpen like a knife on a honing steel. When I finally beat my aunt, I hadn’t just won the game. I’d won lifelong friends and greater reasoning skills.

Gin players aren’t internationally recognized for their intellectual prowess like chess or Scrabble. I’ve learned other games and played them successfully, but nothing has come close to the joy and challenge I feel while playing Gin. I love predicting what your opponent holds and what you’ll draw next, betting on your perfect card being in the draw deck, chatting with your opponent as you deal the next round, and earning bragging rights after winning a match—all of it is the perfect mix of strategy and community. When I head off to college in the fall, the first thing I’ll pack will be a deck of cards."," This essay chronicles a writer’s journey learning how to play the card game Gin. I really like how much the writer and their personality shine through. Like the My Greatest Talent essay, Counting Cards is a great example of how to write a fun, light-hearted essay that still speaks to your strengths.

What makes this essay good:

Topic: Admissions officers see lots of essays about chess and sports. But it’s pretty rare to see one about Gin. The topic (and enthusiasm with which the student writes about the topic) give this essay a good personal voice.
Connections: The writer also makes stellar connections between a simple game and the people who are most meaningful to them: their family and friends.
Strengths: Even with a topic as simple as a card game, the writer manages to highlight their strengths of work ethic and camaraderie.
What the writer could do to level up:

Higher stakes: We see that the game of Gin is really important to the writer. We also see how the game is connected to their relationship with their aunt and to the new community they found online. But I’m left wanting a little bit more reflection and vulnerability about why Gin is so meaningful to this writer.",psychic think term four three deal hand gin guarantee ’ beat stare card hand see number moving mind like mathemetician chalkboard plan next move use logic memory little bit luck guess exactly hand look like possible combination seem endless—four king run three three nine four queen run four three seven many many love playing gin predictability may know ’ coming use already know strategize adapt fun along way gin career began small child aunt taught play game camping hand small use chip clip keep card place first intimated “ big kid game ” called soon ’ get enough forced entire family play even roped kid campsite next u aunt mathematician skilled gin player passed tip trick along year playing opponent ’ beat last summer first time finally happened bested hand three ace run spade needed another ace three seven spade drew final ace deck could hardly believe paused count card drew hand chest looked aunt slowly triumphantly calmly declared “ gin. ” aunt squealed embraced proud progress protegee made win came year hard work read every book gin could find library watched countless youtube video became expert gin ’ lively counterpart gin rummy learning practicing drew huge online community gin enthusiast never thought ’ meet best friend card game every night ’ compete match skill would sharpen like knife honing steel finally beat aunt ’ game ’ lifelong friend greater reasoning skill gin player ’ internationally recognized intellectual prowess like chess scrabble ’ learned game played successfully nothing come close joy challenge feel playing gin love predicting opponent hold ’ draw next betting perfect card draw deck chatting opponent deal next round earning bragging right winning match—all perfect mix strategy community head college fall first thing ’ pack deck card,essay chronicle writer ’ journey learning play card game gin really like much writer personality shine like greatest talent essay counting card great example write fun light-hearted essay still speaks strength make essay good topic admission officer see lot essay chess sport ’ pretty rare see one gin topic enthusiasm student writes topic give essay good personal voice connection writer also make stellar connection simple game people meaningful family friend strength even topic simple card game writer manages highlight strength work ethic camaraderie writer could level higher stake see game gin really important writer also see game connected relationship aunt new community found online ’ left wanting little bit reflection vulnerability gin meaningful writer
"On my best days at work, I’m surrounded by puppies, kittens, and rainbows. On my worst, I watch people say tearful goodbyes to their best friends. Working at the front desk of Golden Hills Animal Clinic, I’ve seen it all. I’ve learned a lot about people through their pets. I’ve also learned a lot about myself.

I began working in the clinic two summers ago. I’m known in my family as the “Snow White” because I’ve always had a special connection with animals. I had nearly started a new colony of stray cats in my backyard by the time I was nine. I’ve nursed more sick and injured birds than I can count. I’ve discovered all kinds of insects, snakes, and lizards in my neighborhood. Now, at the front desk, I get to welcome the animals and their humans. I share in their joys and console them at their lows.

After watching thousands of animals struggle, you think you’d get used to the pain and suffering. But each hurt, injured, or elderly animal I check in stings just the same. When I’m in the back room helping prepare the animals for surgeries or procedures, I look into their eyes and desperately try to communicate that everything will be okay. The worst part is knowing that the animals can tell something is wrong but don’t understand what is happening. And when their owners walk past my front desk, I reassure them that we’re treating their pets as our own.

But with life’s hard moments also come the happiest ones. It’s easy to become dejected by the sad times, but working at the clinic has actually given me more hope. There’s nothing like seeing small puppies, feet too big for their bodies, prance through the waiting room. I’ve witnessed children comfort cats through holes in carriers, and I’ve become inspired by the assertiveness with which our veterinarians make critical decisions to help animals. Through all this, I’ve learned that those little pockets of happiness, care, and determination are what make life worth living.

I’ve also learned that veterinary medicine is as much about the people as it is the pets. Sometimes owners have to be convinced about the best care plan for their pets. Sometimes others aren’t able to afford the care they desperately want to get. People come in worried about nothing or not worried enough. Part of managing the front desk is having the ability to read where a person is coming from the moment they start speaking. Seeing things from customers’ perspectives helps me provide better customer service to the people and the pets. If I sense that a customer is worried about cost, I can talk to them about payment plans. If someone seems overwhelmed by the options, I ask if they’d like to speak with the vet again. In all these cases, I feel proud to provide as much help as I can. Doing so makes sure that our animals receive the best care possible.

Now, as an aspiring veterinarian myself, I know that the rest of my career will be filled with the happiest and saddest moments of people’s lives. My care for animals will turn tragedies into miracles. I’ll console owners of sick pets, and I’ll help bring new life into the world. Veterinary medicine is a lot like life in general. You can’t have the good without the bad. But I’ve never met a pet owner who wouldn’t trade the pain of animal loss for even one fleeting, happy moment with their furry friend. Animals make the world a better place. Like Snow White, I’ll continue listening to animals so I can make their world a little better too. ","This essay tells a good story about this writer’s time working at an animal clinic. What I like about this essay is that the writer doesn’t sugar coat things, but they also don’t dwell on the sadness that passes through the clinic. They are real about their experiences, and they draw valuable lessons from them. They also show the importance of this story by connecting it to their future goals.

What makes this essay good:

Strengths: We clearly see the strengths this writer brings to the clinic. They are understanding, patient, and positive. We also clearly see how these strengths will help the writer be a good veterinarian in the future.
Topic sentences and transitions: Although the paragraphs get unwieldy at times, the writer’s clear topic sentences and transitions help us seamlessly progress through the narrative.
What the writer could do to level up:

Being more direct and concise: At times, it feels like the writer rambles instead of making clear, direct points. Rambling can distract the reader from the main point you’re trying to make, so it’s best to stay on track in each paragraph.
Fewer cliches: Relying on cliches shows immaturity in your writing. Cliches like “puppies, kittens, and rainbows” and “with the bad comes the good” get in the way of the writer’s own voice.
College Essay Example #12: The Filmmaker ",best day work ’ surrounded puppy kitten rainbow worst watch people say tearful goodbye best friend working front desk golden hill animal clinic ’ seen ’ learned lot people pet ’ also learned lot began working clinic two summer ago ’ known family “ snow white ” ’ always special connection animal nearly started new colony stray cat backyard time nine ’ nursed sick injured bird count ’ discovered kind insect snake lizard neighborhood front desk get welcome animal human share joy console low watching thousand animal struggle think ’ get used pain suffering hurt injured elderly animal check sting ’ back room helping prepare animal surgery procedure look eye desperately try communicate everything okay worst part knowing animal tell something wrong ’ understand happening owner walk past front desk reassure ’ treating pet life ’ hard moment also come happiest one ’ easy become dejected sad time working clinic actually given hope ’ nothing like seeing small puppy foot big body prance waiting room ’ witnessed child comfort cat hole carrier ’ become inspired assertiveness veterinarian make critical decision help animal ’ learned little pocket happiness care determination make life worth living ’ also learned veterinary medicine much people pet sometimes owner convinced best care plan pet sometimes others ’ able afford care desperately want get people come worried nothing worried enough part managing front desk ability read person coming moment start speaking seeing thing customer ’ perspective help provide better customer service people pet sense customer worried cost talk payment plan someone seems overwhelmed option ask ’ like speak vet case feel proud provide much help make sure animal receive best care possible aspiring veterinarian know rest career filled happiest saddest moment people ’ life care animal turn tragedy miracle ’ console owner sick pet ’ help bring new life world veterinary medicine lot like life general ’ good without bad ’ never met pet owner ’ trade pain animal loss even one fleeting happy moment furry friend animal make world better place like snow white ’ continue listening animal make world little better,essay tell good story writer ’ time working animal clinic like essay writer ’ sugar coat thing also ’ dwell sadness pass clinic real experience draw valuable lesson also show importance story connecting future goal make essay good strength clearly see strength writer brings clinic understanding patient positive also clearly see strength help writer good veterinarian future topic sentence transition although paragraph get unwieldy time writer ’ clear topic sentence transition help u seamlessly progress narrative writer could level direct concise time feel like writer ramble instead making clear direct point rambling distract reader main point ’ trying make ’ best stay track paragraph fewer cliche relying cliche show immaturity writing cliche like “ puppy kitten rainbow ” “ bad come good ” get way writer ’ voice college essay example 12 filmmaker
"Eye to the lens, I feel in complete control. The old camera weighs heavy in my hands as I quietly point my leading actor to the other side of the frame. Taking a moment to look at the world through my own eyes rather than a lens, I make a decision. I back up, careful not to trip, and capture the wide, panning shot I had envisioned. Filmmaking allows me to show others exactly how I see the world. With an odd angle or lingering aside, I can take my audience on a journey through my eyes.

What’s beautiful about filmmaking is that there are several art forms occurring simultaneously. At the foundation of a scene is the script. Words that draw a viewer in and keep them there, the script is an essential act of creative writing. Next there’s the acting. An art of performance, acting brings the script to life. A good actor will make an audience feel as if they are with the characters, feeling what they feel and doing what they do. Then there’s the direction and filmmaking. Choices about how to translate a three-dimensional world to pixels on a screen drastically affect the audience’s experience. And, finally, there’s the editing. Editing is where all of the other art forms converge, selected and chopped up and stitched back together to create something even better than the original.

I’ve never been one for writing or acting. But the latter two, filmmaking and editing, are where my passions lie. Inspired by my favorite movie, ET, I began filmmaking in elementary school. Borrowing my mom’s Flip UltraHD camera, I’d run around my home, filming everything in sight. Soon after, I started gathering my neighborhood friends in my backyard and directing them in made-up film productions. Our films took us on journeys around the world. We were pirates in the Atlantic, merchants in Paris, and kangaroos in Australia. We learned how to tell stories and create and resolve conflicts. In the process, we learned about ourselves, each other, and the world around us.

My love for editing didn’t come until later. When my family upgraded our ancient Gateway 2000 to a sleek iMac, I became an iMovie aficionado. I learned how to use all the features and enter in keyboard shortcuts. I became a sculptor. Instead of clay, my material was digital. I’d split clips in half, manually zoom in to my subject, and add filters that changed the whole tone of a shot. Shift + Command + F, and I’d play my clips in full screen, evaluating them with the eye of a film critic. Was my shot effective? Are the actors convincing? Is there anything odd in the background? If I had never seen this, what would I think and feel? Then I’d repeat the process, over and over again.

Some people might say that dedicating myself to filmmaking is frivolous in a world with more pressing problems. But filmmaking is a way to spread messages and give people hope. From the change wrought by An Inconvenient Truth to the laughter Mr. Bean has incited in millions, filmmaking is a way to bring art, truth, and laughter to everyone. More accessible than books or newspapers, film and TV couldn’t be more essential media to confront the problems of today. With the passion of my ten-year-old self, the films I’ll continue to make will have an impact. ","In this essay, we get a great sense of how excited the writer is about filmmaking. They take us on their journey learning about filmmaking, and they explain how their interest will serve them in the future. I especially enjoy how this essay oozes passion. By the end of the essay, we have no doubt about what this writer sees as their life’s calling.

What makes this essay good:

Organization: The introduction, background, explanation, and discussion of personal growth all cohere perfectly. The writer walks us through each step of their journey in a clear and logical way.
Voice: Through all the rich descriptions of the writer’s childhood, we really see their personality and voice.
What the writer could do to level up:

Significance and meaning: While it’s clear that this topic is one the writer is passionate about, the essay could evoke more meaning. It’s not apparent what’s truly at stake. The writer should ask and answer the question: “So what?” In answering that question, they’ll be able to be more vulnerable throughout the essay. ",eye lens feel complete control old camera weighs heavy hand quietly point leading actor side frame taking moment look world eye rather lens make decision back careful trip capture wide panning shot envisioned filmmaking allows show others exactly see world odd angle lingering aside take audience journey eye ’ beautiful filmmaking several art form occurring simultaneously foundation scene script word draw viewer keep script essential act creative writing next ’ acting art performance acting brings script life good actor make audience feel character feeling feel ’ direction filmmaking choice translate three-dimensional world pixel screen drastically affect audience ’ experience finally ’ editing editing art form converge selected chopped stitched back together create something even better original ’ never one writing acting latter two filmmaking editing passion lie inspired favorite movie et began filmmaking elementary school borrowing mom ’ flip ultrahd camera ’ run around home filming everything sight soon started gathering neighborhood friend backyard directing made-up film production film took u journey around world pirate atlantic merchant paris kangaroo australia learned tell story create resolve conflict process learned world around u love editing ’ come later family upgraded ancient gateway 2000 sleek imac became imovie aficionado learned use feature enter keyboard shortcut became sculptor instead clay material digital ’ split clip half manually zoom subject add filter changed whole tone shot shift command f ’ play clip full screen evaluating eye film critic shot effective actor convincing anything odd background never seen would think feel ’ repeat process people might say dedicating filmmaking frivolous world pressing problem filmmaking way spread message give people hope change wrought inconvenient truth laughter mr. bean incited million filmmaking way bring art truth laughter everyone accessible book newspaper film tv ’ essential medium confront problem today passion ten-year-old self film ’ continue make impact,essay get great sense excited writer filmmaking take u journey learning filmmaking explain interest serve future especially enjoy essay ooze passion end essay doubt writer see life ’ calling make essay good organization introduction background explanation discussion personal growth cohere perfectly writer walk u step journey clear logical way voice rich description writer ’ childhood really see personality voice writer could level significance meaning ’ clear topic one writer passionate essay could evoke meaning ’ apparent ’ truly stake writer ask answer question “ ” answering question ’ able vulnerable throughout essay
"I look into the forest, moss wet on my feet. There’s fog everywhere—I can barely see the glasses that sit on my nose. I feel a cool breeze rustle against my coat. I am cold and warm all at once. The sun shines through the fog, casting the shadow of a tree whose roots know no end. At the entrance to the forest, I stand frozen in time and space. I can’t see what’s ahead of me or behind me, only what is. And what is suddenly transforms into what could be. I see a fork in the pathway in front of me. The noise—the noise is so loud. Crickets and owls and tigers, oh my. My thoughts scream even louder. I can’t hear myself think through the sounds of the forest of my mind. Off in the distance, I see a figure. It’s a shadow figure. It’s my mother. She’s walking towards me. I take a step into the forest, fearlessly ready to confront any overwhelming obstacle that comes my way.

When I was a child, I used to play in the forest behind my house. Until one day when I caught my mom sneaking a cigarette outside. She tried to hide it behind her back, but I could see the smoke trailing over her head like a snail. I didn’t know what to do, so I ran farther into the forest. I am used to being disappointed by her. I ran and ran and ran until I tripped over a tree branch that fell in the storm the week before. I laid on the cold, hard ground. The back of me was soaked. Would I turn into my mom? After that, I decided to turn back. The cold was encroaching. I got home and saw my mom in the kitchen. We agreed not to speak of what I saw.

While taking a history test, I looked around at my classmates. The gray desk was cold against my skin. I started counting the people around me, noting those who I knew well and those I had never really talked to. I looked at all the expensive backpacks and shoes. After our test, I asked the person next to me how she thought she did. She said it was a difficult test, and I agreed. Every class period, we’d talk more and more. We became friends. We started hanging out with another friend from biology class. We were inseparable, like three peas in a pod. We’d study together and hang out together and dance. They were the best friends I ever had. We liked to play soccer after school and sing loudly to music in my room. But one day it all stopped. They both stopped talking to me. It was like I had been yanked out of the forest and thrown on to the forest floor. I became moss, the owls pecking at my spikey green tendrils. They found two other friends, and I sat alone at my desk in history again. It was like another test, but this time a history of my own.

Things went on like this for years. Over and over again I got put back into the forest. My friends who I thought were my friends actually were just drama machines. Life is foggy when you don’t know what’s going on. And I live in a forest that’s always foggy. Try as I might to find myself, it’s easy to get lost in all the trails and hills. I’m climbing a mountain each and every day. But I keep going back into the forest, looking for answers. ","So. Writers know that college essays should be meaningful reflections and exercises in creative writing. But sometimes writers take this advice to the extreme and write essays that are too metaphorical and too focused on internal reflection.

This essay is the perfect example of what happens when a writer goes over the top with metaphor. The forest metaphor could be a useful tool given the writer’s topic, but as it is now, everything else gets lost within the metaphor. It’s difficult to extract what the writer actually says about their life.

The writer’s reflection is also deep and removed from specific examples. After reading the essay, I still don’t feel like I know the writer. The topic also changes halfway through the essay, so following the thread throughout is challenging.

What this essay does well:

Topic: Even though the writer’s topic switches in the middle of the essay, it’s clear that the topics are both meaningful to the writer. The first topic especially may still be grounds for a great college essay.
Vulnerability: The writer’s vulnerability shines through. They are willing to share an important part of themselves.
What the writer could improve upon:

Pick a main topic and stick with it: Part of what makes this essay challenging to follow is that it’s doing too many things at once. Narrowing the topic would help the writer focus all their thoughts on communicating one overall idea.
Use the metaphor sparingly: Remember that metaphors are best when used sparingly. Pulling off an overarching metaphor is very difficult, so it’s generally easier for writers to sprinkle in small references to the metaphor throughout. A great way to accomplish this is the “bookend technique,” where you introduce a metaphor in the introduction and return to it in the conclusion. 
Tighten up each paragraph: All of the paragraphs in this essay have a lot of information that doesn’t necessarily flow logically from one sentence to the next. My final recommendation would be to edit the paragraphs themselves for clarity. The writer should think about what information is essential and cut the rest. ",look forest moss wet foot ’ fog everywhere—i barely see glass sit nose feel cool breeze rustle coat cold warm sun shine fog casting shadow tree whose root know end entrance forest stand frozen time space ’ see ’ ahead behind suddenly transforms could see fork pathway front noise—the noise loud cricket owl tiger oh thought scream even louder ’ hear think sound forest mind distance see figure ’ shadow figure ’ mother ’ walking towards take step forest fearlessly ready confront overwhelming obstacle come way child used play forest behind house one day caught mom sneaking cigarette outside tried hide behind back could see smoke trailing head like snail ’ know ran farther forest used disappointed ran ran ran tripped tree branch fell storm week laid cold hard ground back soaked would turn mom decided turn back cold encroaching got home saw mom kitchen agreed speak saw taking history test looked around classmate gray desk cold skin started counting people around noting knew well never really talked looked expensive backpack shoe test asked person next thought said difficult test agreed every class period ’ talk became friend started hanging another friend biology class inseparable like three pea pod ’ study together hang together dance best friend ever liked play soccer school sing loudly music room one day stopped stopped talking like yanked forest thrown forest floor became moss owl pecking spikey green tendril found two friend sat alone desk history like another test time history thing went like year got put back forest friend thought friend actually drama machine life foggy ’ know ’ going live forest ’ always foggy try might find ’ easy get lost trail hill ’ climbing mountain every day keep going back forest looking answer,writer know college essay meaningful reflection exercise creative writing sometimes writer take advice extreme write essay metaphorical focused internal reflection essay perfect example happens writer go top metaphor forest metaphor could useful tool given writer ’ topic everything else get lost within metaphor ’ difficult extract writer actually say life writer ’ reflection also deep removed specific example reading essay still ’ feel like know writer topic also change halfway essay following thread throughout challenging essay well topic even though writer ’ topic switch middle essay ’ clear topic meaningful writer first topic especially may still ground great college essay vulnerability writer ’ vulnerability shine willing share important part writer could improve upon pick main topic stick part make essay challenging follow ’ many thing narrowing topic would help writer focus thought communicating one overall idea use metaphor sparingly remember metaphor best used sparingly pulling overarching metaphor difficult ’ generally easier writer sprinkle small reference metaphor throughout great way accomplish “ bookend technique ” introduce metaphor introduction return conclusion tighten paragraph paragraph essay lot information ’ necessarily flow logically one sentence next final recommendation would edit paragraph clarity writer think information essential cut rest
"You. may be wondering why I’ve taken so many chemistry classes. Well, that’s because I love chemistry. I used to hate chemistry with a fiery passion but now I love it more than anything. I remember that I used to struggle through every single chemistry assignment I ever got. My sister would try to help me but I’d just get upset, like I really just didn’t understand it and that was so frustrating so I just kept not wanting to do more but eventually I started to think “oh chemistry is at the foundation of everything that makes up our universe,” and isn’t that just fascinating? So then I decided to make a change and actually try to learn chemistry. I started paying attention in class and asking my teacher for help after class and finally one day my sister said, “Wow, you’re really improving.” And that meant so much to me. When my great-grandparents immigrated to the United States, they had no idea what would be in store for their great-grandkids. We really don’t learn chemistry in school until high school, so it’s no wonder I didn’t understand it in high school when I started taking it. Electrons and atoms and acids and alcohols. There’s so much to learn. I really have never been good at math so I’d say that’s one of my biggest challenges in chemistry now is learning how to do the equations and figuring out how the math works. In fifth grade I used to be in advanced math but then it just got worse from there until I learned about tutoring. I started doing tutoring through the high school when I was in ninth grade and it helped a lot because I just needed a little more help for each lesson to really understand it. But even with that the math part of chemistry is still hard for me. But I always keep trying! That’s the most important thing to me I think is to keep trying. Even when problems are hard and I can’t solve them I try to have a good attitude because even if I can’t get it right, doing chemistry is about unlocking the secrets of the universe and that really is interesting even if you can’t completely understand them. When I started taking chemistry in my sophomore year I almost gave up but I was also really inspired by my teacher who guided me through everything. She gave me extra time to do my lab work and was even my lab partner a couple times because our class has an uneven number of students. My favorite part of chemistry lab is mixing solutions and testing them. I don’t like the lab report writing so much but I know it’s an important part. So I try to just get through that so I can get back to doing experiments and such. My favorite experiments was about building a calormieter to measure how many calories is in our food. Calories are energy so you burn your food to measure how much energy they have. Then you write up a report about how many calories each food item like bananas, bread, a cookie, had. The best part of doing labs is having your lab partner there with you. You’re both wearing goggles and lab coats and gloves and you feel really like a professional chemist and it’s nice that you’re not doing it alone. You just read the lab instructions and do each of the steps in order. It’s like baking a cake! You just follow the recipe. But you don’t eat the results! You might use beakers or bunsen burners to hold liquid or burn or heat up whatever it is you’re experimenting on. And when I say “find the meaning of the universe” I really mean it. It’s amazing how much chemistry is in everything. Cooking is doing chemistry because you’re changing up the properties of the food. The air we breathe, the way plants get energy, the medicines we take, we understand it all because of chemistry. I know that becoming a chemist is hard work and isn’t easy. But I know that it’s rewarding and that’s why I want to do it. Helping people is so important to me and I think that chemistry can help me get there. I also like the health and beauty industry and I think it would be fun to get to develop new products or perfumes or medicines. ","There’s no easy way to say it, but this essay just doesn’t meet the mark. That’s why it gets an F. It reads like a free write rather than an essay because it is stream-of-consciousness and doesn’t really make a clear point. I learn that the writer loves chemistry, but the overall message is not clear.

What this essay does well:

Ideas: All hope is not lost! Once we dig into what each sentence of the essay is saying, there are some good ideas that the writer can turn into a more cohesive topic.
What the writer could improve upon:

Organization: I hesitate to make any extreme claims about college essays, but I feel pretty confident in saying that the vast majority of college essays should always be more than one paragraph. You need paragraphs to break up your thoughts into digestible chunks. Each paragraph should contain a single point you’re trying to convey to the reader. This writer should break all these ideas up into several paragraphs.
Theme: We see that the topic of the essay is chemistry, that chemistry is interesting because it’s the foundation of everything, and that chemistry can help people. But we don’t really get any deeper meaning from the writer. They haven’t made an attempt to be vulnerable or to show us something significant about themself.
Length: The essay is almost a hundred words over the word count. The writer needs to pare things down as they organize and clarify their ideas. ",may wondering ’ taken many chemistry class well ’ love chemistry used hate chemistry fiery passion love anything remember used struggle every single chemistry assignment ever got sister would try help ’ get upset like really ’ understand frustrating kept wanting eventually started think “ oh chemistry foundation everything make universe ” ’ fascinating decided make change actually try learn chemistry started paying attention class asking teacher help class finally one day sister said “ wow ’ really improving. ” meant much great-grandparents immigrated united state idea would store great-grandkids really ’ learn chemistry school high school ’ wonder ’ understand high school started taking electron atom acid alcohol ’ much learn really never good math ’ say ’ one biggest challenge chemistry learning equation figuring math work fifth grade used advanced math got worse learned tutoring started tutoring high school ninth grade helped lot needed little help lesson really understand even math part chemistry still hard always keep trying ’ important thing think keep trying even problem hard ’ solve try good attitude even ’ get right chemistry unlocking secret universe really interesting even ’ completely understand started taking chemistry sophomore year almost gave also really inspired teacher guided everything gave extra time lab work even lab partner couple time class uneven number student favorite part chemistry lab mixing solution testing ’ like lab report writing much know ’ important part try get get back experiment favorite experiment building calormieter measure many calorie food calorie energy burn food measure much energy write report many calorie food item like banana bread cookie best part lab lab partner ’ wearing goggles lab coat glove feel really like professional chemist ’ nice ’ alone read lab instruction step order ’ like baking cake follow recipe ’ eat result might use beaker bunsen burner hold liquid burn heat whatever ’ experimenting say “ find meaning universe ” really mean ’ amazing much chemistry everything cooking chemistry ’ changing property food air breathe way plant get energy medicine take understand chemistry know becoming chemist hard work ’ easy know ’ rewarding ’ want helping people important think chemistry help get also like health beauty industry think would fun get develop new product perfume medicine,’ easy way say essay ’ meet mark ’ get f. read like free write rather essay stream-of-consciousness ’ really make clear point learn writer love chemistry overall message clear essay well idea hope lost dig sentence essay saying good idea writer turn cohesive topic writer could improve upon organization hesitate make extreme claim college essay feel pretty confident saying vast majority college essay always one paragraph need paragraph break thought digestible chunk paragraph contain single point ’ trying convey reader writer break idea several paragraph theme see topic essay chemistry chemistry interesting ’ foundation everything chemistry help people ’ really get deeper meaning writer ’ made attempt vulnerable show u something significant themself length essay almost hundred word word count writer need pare thing organize clarify idea
"I come from a family of do-it-yourselfers. In part, this lifestyle is one of necessity. Hiring professionals isn’t cheap, after all. But our DIY proclivities are also a product of a longstanding family tradition of ingenuity.

My first DIY was a fix on my Cozy Coupe, whose steering wheel had fallen off. Since then, my DIYs have become larger scale. With my dad, I’ve replaced loose bike chains, put in a new car clutch, and re-tiled our kitchen.

But our biggest DIY to date has been building a six-foot telescope together. Made of scraps and spare parts, it’s not the most beautiful telescope. But our focus is on the stars anyway. My entire family has evening picnics, taking turns to look through the makeshift eyepiece. Occasionally the eyepiece falls off, and we all laugh as I run over to replace it.

Coming from a DIY family has made me self-reliant. And when the fixes just aren’t working, my dad reminds me to take a step back and think creatively about solutions. It’s from this mindset that my dream of being an environmental engineer has evolved.

I know that engineering isn’t just about fancy gadgets. It’s about ingenuity. I want to adapt my DIY ingenuity, mind and hand, to even bigger projects that mitigate climate change and lead to a safer tomorrow. ","What this essay does well:

Topic: The writer has chosen a pretty interesting topic for this community essay that will most likely stand out among other candidates. More importantly, the community they’ve chosen to write about is one that they hold dear and have learned a lot from. The story connects in specific ways to who they are as a person and what their dreams and aspirations have come to be.
Growth: The prompt asks how the community has “shaped” your dreams and aspirations. This writer focuses on the progression of their aspirations while telling endearing stories about their relationship with their family members.
Future goals: The writer explicitly states how this community has shaped how and what they want to do in the future.
What it could improve on:

Pacing: Aside from describing your community, the main question of the prompt is how that community has shaped your dreams and aspirations. While the writer does get to an answer, they could spend more time in the essay focusing on that answer.",come family do-it-yourselfers part lifestyle one necessity hiring professional ’ cheap diy proclivity also product longstanding family tradition ingenuity first diy fix cozy coupe whose steering wheel fallen since diys become larger scale dad ’ replaced loose bike chain put new car clutch re-tiled kitchen biggest diy date building six-foot telescope together made scrap spare part ’ beautiful telescope focus star anyway entire family evening picnic taking turn look makeshift eyepiece occasionally eyepiece fall laugh run replace coming diy family made self-reliant fix ’ working dad reminds take step back think creatively solution ’ mindset dream environmental engineer evolved know engineering ’ fancy gadget ’ ingenuity want adapt diy ingenuity mind hand even bigger project mitigate climate change lead safer tomorrow,essay well topic writer chosen pretty interesting topic community essay likely stand among candidate importantly community ’ chosen write one hold dear learned lot story connects specific way person dream aspiration come growth prompt asks community “ shaped ” dream aspiration writer focus progression aspiration telling endearing story relationship family member future goal writer explicitly state community shaped want future could improve pacing aside describing community main question prompt community shaped dream aspiration writer get answer could spend time essay focusing answer
"There are more traffic lights on the Duke University campus than there are in my entire hometown.

I don’t actually know how many traffic lights Duke has, but it’s a pretty safe bet that it has more than zero, which is how many we have here in Bumpass, Virginia.

Yes, Bumpass. Pronounced “bump-us”.

I’m from a weird little lake town in central Virginia that has two types of residents: part-timers (that’s what we call them), mostly from DC, Richmond, or Charlottesville, with million-plus dollar homes on Lake Anna. They swim and boat on the private side of the lake, which is heated (yes, the lake is heated) by a nuclear power plant. And then there are families like mine. The locals. I’ve always thought “working class” was a nice way for rich people to call poor people poor, but that’s what we are. Families like mine clean the power plant. I’ve never swam in the private side, and our boat is a canoe.

Officially, I’ve had a job since my 16th birthday, which is the legal age in Virginia. But I’ve worked cleaning rental homes and fixing boats for part-timers with my uncle since I was old enough to use a Swiffer and turn a wrench. I’ve cleaned homes that cost more than my extended family’s combined net worth, but oddly I enjoy it. When I see inside their homes, I have something to aspire to, and that’s more than most of my hometown peers can say.

Success around here means making it through community college. Doing so in two years all without abusing alcohol or drugs? I don’t know many people who have done that. But I want to bring my Bumpass experience to Duke. I know how to rise before the sun and get a day’s worth of work in before noon. I know how to talk to goat farmers and postal workers (my best friend’s parents) just as well as neurosurgeons and pilots (my favorite part-timers whose docks I maintain in the off-season).

I’m looking forward to learning from the diverse body at Duke, making friends from around the world, and gaining a better understanding of the world beyond Bumpass. ","What this essay does well:

Humor and personality: From the topic of the town’s name to the introduction, the writer uses humor (when appropriate) and clearly shows their own voice. They take an authentic approach to the diversity essay prompt. I feel like I know the student after reading this, which is always good.
School Connections: While there aren’t a ton of references to Duke here, the prompt doesn’t necessarily ask for them. The writer still does a good job connecting their lived experience to how they see themself at Duke. ",traffic light duke university campus entire hometown ’ actually know many traffic light duke ’ pretty safe bet zero many bumpass virginia yes bumpass pronounced “ bump-us ” ’ weird little lake town central virginia two type resident part-timer ’ call mostly dc richmond charlottesville million-plus dollar home lake anna swim boat private side lake heated yes lake heated nuclear power plant family like mine local ’ always thought “ working class ” nice way rich people call poor people poor ’ family like mine clean power plant ’ never swam private side boat canoe officially ’ job since 16th birthday legal age virginia ’ worked cleaning rental home fixing boat part-timer uncle since old enough use swiffer turn wrench ’ cleaned home cost extended family ’ combined net worth oddly enjoy see inside home something aspire ’ hometown peer say success around mean making community college two year without abusing alcohol drug ’ know many people done want bring bumpass experience duke know rise sun get day ’ worth work noon know talk goat farmer postal worker best friend ’ parent well neurosurgeon pilot favorite part-timer whose dock maintain off-season ’ looking forward learning diverse body duke making friend around world gaining better understanding world beyond bumpass,essay well humor personality topic town ’ name introduction writer us humor appropriate clearly show voice take authentic approach diversity essay prompt feel like know student reading always good school connection ’ ton reference duke prompt ’ necessarily ask writer still good job connecting lived experience see themself duke
"Asking Charlotte to answer a math question was like asking a cat to take a bath. Her resistance was almost instinctual. When I first met her, I had been doing after-school tutoring for about six months. The program paired up high school students with middle schoolers who were falling behind in their classes. Charlotte was my first student and biggest challenge.

At first, her unwillingness to try came across as lazy. I used everything I had in my tutoring arsenal. I encouraged her to give her confidence, and I even brought candy to bribe her. To my dismay, nothing worked. Each time I introduced a new problem, Charlotte simply refused.

My frustration grew so immense that I caught myself being curt with her. When I saw the look of betrayal in her eyes, I was ashamed at my impatience. I realized that Charlotte’s struggles weren’t her fault. Math has always come easy to me. Whereas every math problem I encounter is like a code I’m excited to crack, Charlotte sees math problems as threats. After years of struggling, it’s no wonder that she stopped trying.

Once I understood that we approach math from different perspectives, I tried something new. I got rid of the math book and graph paper, and I brought out gummy bears. We did an algebra problem without her even knowing it. Together, we worked to overcome her fear of math. Along the way, I learned to teach the person, not the subject matter. ","Topic choice: Personal Challenge prompts can be some of the most difficult, especially if you don’t have a specific challenge you’ve faced in your life. This writer’s topic choice works great. They show that you don’t have to have a life-altering challenge to answer this prompt well.
Clear narrative: This prompt is a lengthy one, but the writer has clearly read it and used it to structure the story. As a reader, it’s easy to follow along as the writer identifies the problem, works toward a solution, overcomes hurdles, and eventually comes out successful in the end.
What it could improve on:

Connections: Different prompts require different levels of connections to the school. This writer incorporates some of Brown’s institutional values, but, especially since the prompt says so much about Brown’s community, the writer could have made more effort to connect their story to Brown ",asking charlotte answer math question like asking cat take bath resistance almost instinctual first met after-school tutoring six month program paired high school student middle schoolers falling behind class charlotte first student biggest challenge first unwillingness try came across lazy used everything tutoring arsenal encouraged give confidence even brought candy bribe dismay nothing worked time introduced new problem charlotte simply refused frustration grew immense caught curt saw look betrayal eye ashamed impatience realized charlotte ’ struggle ’ fault math always come easy whereas every math problem encounter like code ’ excited crack charlotte see math problem threat year struggling ’ wonder stopped trying understood approach math different perspective tried something new got rid math book graph paper brought gummy bear algebra problem without even knowing together worked overcome fear math along way learned teach person subject matter,topic choice personal challenge prompt difficult especially ’ specific challenge ’ faced life writer ’ topic choice work great show ’ life-altering challenge answer prompt well clear narrative prompt lengthy one writer clearly read used structure story reader ’ easy follow along writer identifies problem work toward solution overcomes hurdle eventually come successful end could improve connection different prompt require different level connection school writer incorporates brown ’ institutional value especially since prompt say much brown ’ community writer could made effort connect story brown
"“Would you like another size? Sure thing, I’ll get a medium.”

“Are you interested in saving 10% today with an Old Navy Card? No, no worries…”

“I can clean the bathrooms if someone covers the fitting room!”

I didn’t expect much from my first job. Mostly, I expected to earn $12 an hour and improve my denim folding skills at Old Navy. I didn’t think I could learn so much about people and develop life skills.

As odd as it may sound, retail work brought people together during COVID. I started in July of 2020. Our store had always met for monthly meetings, but everyone emphasized how much closer they’d become since the pandemic. Stepping up to cover someone’s shift when they got sick–or their spouse or child did–used to elicit a quick “thank you!”, but took on a more profound meaning in 2020. Though I started mid-pandemic, everyone I worked with remarked that, with a few notable exceptions, the overall demeanor of the clientele was much more empathetic. My coworkers seemed to go from sales associates to brave workers keeping the economy afloat overnight.

After about seven months of dutiful work, I was promoted to senior associate and had new responsibilities of closing and opening the store. Sure, I had dreams of working in an infectious disease lab. But having adults put real trust in me to account for several thousand dollars and secure a major outlet made me value and understand work perhaps even more than the research internship I missed out on.

I am thankful for this opportunity to work and learn with a dedicated staff. Now, I look forward to pursuing more experiences that will relate to my career in biotech in college. Oh, and I won’t miss soliciting credit card sales with each purchase! ","What this essay does well:

Focus on strengths: Maintaining the right focus in extracurricular essays can be tricky. It can be easy to get caught up in the details of the activity and brag too much or not enough. Especially with extracurricular activities that aren’t based in competition, it can be challenging to draw out strengths. But this writer finds the perfect way to talk about their accomplishments and strengths (being promoted and being a team player) while also seeming personable and humble.
Connection to future goals: Importantly, the writer doesn’t just leave the story at their retail job. They show the admissions officer how they see this job as contributing toward their future goals.
What it could improve on:

Transitions: The transitions between paragraphs and into the detail about a future biotech career could be smoother. ",“ would like another size sure thing ’ get medium. ” “ interested saving 10 today old navy card worries… ” “ clean bathroom someone cover fitting room ” ’ expect much first job mostly expected earn 12 hour improve denim folding skill old navy ’ think could learn much people develop life skill odd may sound retail work brought people together covid started july 2020. store always met monthly meeting everyone emphasized much closer ’ become since pandemic stepping cover someone ’ shift got sick–or spouse child did–used elicit quick “ thank ” took profound meaning 2020. though started mid-pandemic everyone worked remarked notable exception overall demeanor clientele much empathetic coworkers seemed go sale associate brave worker keeping economy afloat overnight seven month dutiful work promoted senior associate new responsibility closing opening store sure dream working infectious disease lab adult put real trust account several thousand dollar secure major outlet made value understand work perhaps even research internship missed thankful opportunity work learn dedicated staff look forward pursuing experience relate career biotech college oh ’ miss soliciting credit card sale purchase,essay well focus strength maintaining right focus extracurricular essay tricky easy get caught detail activity brag much enough especially extracurricular activity ’ based competition challenging draw strength writer find perfect way talk accomplishment strength promoted team player also seeming personable humble connection future goal importantly writer ’ leave story retail job show admission officer see job contributing toward future goal could improve transition transition paragraph detail future biotech career could smoother
"As a child, I always got in trouble for staring. My mom would nudge me whenever I looked at someone too long. My uncontrollable staring was an embarrassment for her, but it’s one of the things I love most about myself. Whereas some people are do-ers, I am a watcher, a listener, and a documenter. Like introverts and extroverts, the world needs both kinds of people.

Watchers have an admirable task: to see what exists and give it meaning. That’s exactly what I want to do while pursuing my academic interests in anthropology. In particular, I’m interested in learning about art, language, and culture in Russia. Pursuing a research career in anthropology would open up opportunities for me to do research for government offices and move toward my ultimate goal of working for the United Nations.

As a Visual Anthropology and Russian double major at USC, I would hone my social scientist skills and improve my Russian language abilities. I’m also eager to participate in a directed internship and to connect with fellow watchers in the Anthropology and Global Studies club. The Center for Visual Anthropology, minor in Folklore and Popular Culture, and the anthropology-focused study abroad opportunity in St. Petersburg all converge to make USC the ideal place for me to learn.

With USC’s global focus and emphasis on creativity, research, and public service, I know that I could develop my watching skills into a successful anthropology career. ","What this essay does well:

Writing style and storytelling: This essay shows that supplemental essays don’t have to be boring. The writer opens with an interesting hook and writes about their major interest in a compelling way.
School research and connections: The writer does a good job specifically answering the “how you plan to pursue your academic interests and why you want to explore them at USC” part of the prompt. It’s clear that they’ve done their research, and the connections they’ve chosen to focus on make sense in the context of the story they’ve told. They also incorporate school values in addition to simple facts.
What it could improve on:

Writing about school connections: To take this essay to the next level, the student could write about the school connections in a slightly more elegant way. As they are now, they feel quite list-like ",child always got trouble staring mom would nudge whenever looked someone long uncontrollable staring embarrassment ’ one thing love whereas people do-ers watcher listener documenter like introvert extrovert world need kind people watcher admirable task see exists give meaning ’ exactly want pursuing academic interest anthropology particular ’ interested learning art language culture russia pursuing research career anthropology would open opportunity research government office move toward ultimate goal working united nation visual anthropology russian double major usc would hone social scientist skill improve russian language ability ’ also eager participate directed internship connect fellow watcher anthropology global study club center visual anthropology minor folklore popular culture anthropology-focused study abroad opportunity st. petersburg converge make usc ideal place learn usc ’ global focus emphasis creativity research public service know could develop watching skill successful anthropology career,essay well writing style storytelling essay show supplemental essay ’ boring writer open interesting hook writes major interest compelling way school research connection writer good job specifically answering “ plan pursue academic interest want explore usc ” part prompt ’ clear ’ done research connection ’ chosen focus make sense context story ’ told also incorporate school value addition simple fact could improve writing school connection take essay next level student could write school connection slightly elegant way feel quite list-like
"As I walked through the ancient city of Pompeii on a family vacation, I thought about the children. I imagined how scared they must have been when the volcano erupted, how they must have reached out to their caregivers for protection. When a large group of people mobbed through the alley next to us, I reached out to my own mother as an anchor.

What interests me most about history is that the people of the past were just like us. They had likes and dislikes, they became frightened and love-struck and tired. While the history of royalty and great wars captures most people’s attention, what I want to study is the history of everyday people.

What was it like to be a child in Pompeii? How did prisoners feel on their way to Australia? What kinds of recipes did the Aztecs cook?

I know that with Barnard’s culture of multidisciplinarity, discovery, and creative thinking, I’d be able to pursue these questions and more. In classes like Gender and Empire, I’ll learn about the ways European expansion was gendered. And in Children and Childhood in African History or Reproducing Inequalities: Family in Latin American History, I’ll be able to ask questions about the history of the family: How have family structures varied across time and place? What historical role have children played? In what ways have parenting practices changed and why?

While they may seem inconsequential for life today, I believe that answering these questions helps us better understand ourselves. With Barnard’s Building Strong Voices mission, I’ll learn how to present my research and advocate for the importance of history.

The world needs more histories of everyday people. We have a lot to learn from them, and Barnard’s offerings will help me lead us to better historical and current understandings. ","What this essay does well:

Introduction: Academic interest essays are your chance to go all-in. The introduction to this essay does just that. We’re immediately transported into this writer’s academic interest, and we begin to ask these questions alongside them.
Answering all parts of the prompt: This can be a tricky feat when responding to complex prompts like Barnard’s. But this writer does just that. They tackle each part of the prompt in order, and they make clear transitions between them. ",walked ancient city pompeii family vacation thought child imagined scared must volcano erupted must reached caregiver protection large group people mobbed alley next u reached mother anchor interest history people past like u like dislike became frightened love-struck tired history royalty great war capture people ’ attention want study history everyday people like child pompeii prisoner feel way australia kind recipe aztec cook know barnard ’ culture multidisciplinarity discovery creative thinking ’ able pursue question class like gender empire ’ learn way european expansion gendered child childhood african history reproducing inequality family latin american history ’ able ask question history family family structure varied across time place historical role child played way parenting practice changed may seem inconsequential life today believe answering question help u better understand barnard ’ building strong voice mission ’ learn present research advocate importance history world need history everyday people lot learn barnard ’ offering help lead u better historical current understanding,essay well introduction academic interest essay chance go all-in introduction essay ’ immediately transported writer ’ academic interest begin ask question alongside answering part prompt tricky feat responding complex prompt like barnard ’ writer tackle part prompt order make clear transition
"USC is a great school, located in the beautiful city of Los Angeles, with unparalleled academics and renowned instructors.","Why is this bad? This sentence could just as easily apply to UCLA. Without the bit about Los Angeles, the reasoning could even apply to any decent school in existence.",usc great school located beautiful city los angeles unparalleled academic renowned instructor,bad sentence could easily apply ucla without bit los angeles reasoning could even apply decent school existence
"When I was twelve years old, my family moved from Brazil to the United States. This transition was not easy for me. The language barrier, cultural differences, and the feeling of being an outsider weighed heavily on my young shoulders. I often found myself retreating to my room, seeking solace in the one thing that remained constant: music.

My father’s old guitar became my confidant. The strings seemed to understand my struggles, and with every chord I played, I felt a sense of release. Initially, I was just strumming to escape, but soon I realized that music was my means of communication, my way to express what words couldn’t.

Joining the school’s music club was a turning point. The first time I performed in front of an audience, my hands trembled, and my voice quivered. Yet, the applause I received was a validation that I belonged. Through music, I connected with others, bridging gaps that language had created. It was in those moments that I understood the universal power of music.

Over the years, I have not only honed my skills but also started teaching younger students in my community. Seeing them grow and find their voices through music has been incredibly rewarding. Music has taught me resilience, empathy, and the importance of finding and nurturing one’s passions.

My journey has been one of transformation. I am no longer the timid boy who shied away from interactions. I have found my voice and a way to connect with the world. As I look forward to college, I am excited to bring my passion for music and my dedication to helping others into a new environment. I am ready to embrace the next chapter of my life, confident that I can overcome challenges and make meaningful connections, just as I have done through my music.",This is good sentence. Why is this good? It references a unique resource at USC and relates to the student’s academic interests.,twelve year old family moved brazil united state transition easy language barrier cultural difference feeling outsider weighed heavily young shoulder often found retreating room seeking solace one thing remained constant music father ’ old guitar became confidant string seemed understand struggle every chord played felt sense release initially strumming escape soon realized music mean communication way express word ’ joining school ’ music club turning point first time performed front audience hand trembled voice quivered yet applause received validation belonged music connected others bridging gap language created moment understood universal power music year honed skill also started teaching younger student community seeing grow find voice music incredibly rewarding music taught resilience empathy importance finding nurturing one ’ passion journey one transformation longer timid boy shied away interaction found voice way connect world look forward college excited bring passion music dedication helping others new environment ready embrace next chapter life confident overcome challenge make meaningful connection done music,good sentence good reference unique resource usc relates student ’ academic interest
"Finding My Voice Through Music: When I was twelve years old, my family moved from Brazil to the United States. This transition was not easy for me. The language barrier, cultural differences, and the feeling of being an outsider weighed heavily on my young shoulders. I often found myself retreating to my room, seeking solace in the one thing that remained constant: music. My father’s old guitar became my confidant. The strings seemed to understand my struggles, and with every chord I played, I felt a sense of release. Initially, I was just strumming to escape, but soon I realized that music was my means of communication, my way to express what words couldn’t. Joining the school’s music club was a turning point. The first time I performed in front of an audience, my hands trembled, and my voice quivered. Yet, the applause I received was a validation that I belonged. Through music, I connected with others, bridging gaps that language had created. It was in those moments that I understood the universal power of music. Over the years, I have not only honed my skills but also started teaching younger students in my community. Seeing them grow and find their voices through music has been incredibly rewarding. Music has taught me resilience, empathy, and the importance of finding and nurturing one’s passions. My journey has been one of transformation. I am no longer the timid boy who shied away from interactions. I have found my voice and a way to connect with the world. As I look forward to college, I am excited to bring my passion for music and my dedication to helping others into a new environment. I am ready to embrace the next chapter of my life, confident that I can overcome challenges and make meaningful connections, just as I have done through my music.","Finding My Voice Through Music: This essay effectively conveys a personal journey of cultural adaptation and self-discovery through music. The narrative is vivid and engaging, capturing the emotional challenges of moving to a new country and finding solace in music. It effectively communicates how music became a form of expression and connection, demonstrating resilience and personal growth. The essay could further strengthen its impact by elaborating on specific musical experiences or challenges overcome.",finding voice music twelve year old family moved brazil united state transition easy language barrier cultural difference feeling outsider weighed heavily young shoulder often found retreating room seeking solace one thing remained constant music father ’ old guitar became confidant string seemed understand struggle every chord played felt sense release initially strumming escape soon realized music mean communication way express word ’ joining school ’ music club turning point first time performed front audience hand trembled voice quivered yet applause received validation belonged music connected others bridging gap language created moment understood universal power music year honed skill also started teaching younger student community seeing grow find voice music incredibly rewarding music taught resilience empathy importance finding nurturing one ’ passion journey one transformation longer timid boy shied away interaction found voice way connect world look forward college excited bring passion music dedication helping others new environment ready embrace next chapter life confident overcome challenge make meaningful connection done music,finding voice music essay effectively conveys personal journey cultural adaptation self-discovery music narrative vivid engaging capturing emotional challenge moving new country finding solace music effectively communicates music became form expression connection demonstrating resilience personal growth essay could strengthen impact elaborating specific musical experience challenge overcome
"Why I Want to Go to College: I want to go to college because it is the next step after high school. I have always known that I would go to college because my parents told me it was important. College is where you go to get a degree so you can get a job and make money. Without a college degree, it is hard to be successful in life. In high school, I did well in my classes and participated in some extracurricular activities. I was in the drama club and played soccer. These activities were fun and helped me make friends. I also did some community service because it looked good on my college applications. I want to go to your college because it has a good reputation and is well-known. I have heard that your college has good professors and offers many different programs. I am not sure what I want to major in yet, but I think I will figure it out once I get there. It is important to have a degree from a good college because it will help me get a good job in the future. I am excited about the idea of going to college and experiencing new things. I look forward to meeting new people and learning more about different subjects. I hope that college will be a fun and rewarding experience that will help me achieve my goals.",Why I Want to Go to College: This essay lacks depth and personal insight into the applicant's motivations for attending college. It primarily focuses on generalities such as societal expectations and vague aspirations without delving into specific experiences or goals. The essay could benefit from showcasing personal achievements or experiences that highlight a genuine passion for learning and growth.,want go college want go college next step high school always known would go college parent told important college go get degree get job make money without college degree hard successful life high school well class participated extracurricular activity drama club played soccer activity fun helped make friend also community service looked good college application want go college good reputation well-known heard college good professor offer many different program sure want major yet think figure get important degree good college help get good job future excited idea going college experiencing new thing look forward meeting new people learning different subject hope college fun rewarding experience help achieve goal,want go college essay lack depth personal insight applicant 's motivation attending college primarily focus generality societal expectation vague aspiration without delving specific experience goal essay could benefit showcasing personal achievement experience highlight genuine passion learning growth
"Overcoming Adversity on the Basketball Court: Basketball has always been more than just a sport to me; it's been a source of personal growth and a testament to my perseverance. During my sophomore year, I faced a serious injury that left me benched for an entire season. The road to recovery was long and grueling, filled with physical therapy sessions and moments of doubt. However, I was determined to return to the court stronger than ever. This experience taught me the value of resilience and hard work. I channeled my frustration into motivation, spending countless hours in the gym and studying the game from the sidelines. When I finally made my comeback, I was not just playing to win, but to prove to myself that I could overcome any obstacle. This journey has shaped my character, teaching me the importance of determination and the power of a positive mindset. As I look ahead to college, I am eager to bring this same level of dedication and perseverance to my academic and extracurricular pursuits.","Overcoming Adversity on the Basketball Court: The essay effectively uses the narrative of overcoming a sports injury to demonstrate resilience, determination, and personal growth. It illustrates how the applicant transformed adversity into motivation and skill development, highlighting valuable lessons learned through teamwork and perseverance. To strengthen the essay, the applicant could provide more specific examples of challenges faced and the impact of those experiences on their personal development.",overcoming adversity basketball court basketball always sport 's source personal growth testament perseverance sophomore year faced serious injury left benched entire season road recovery long grueling filled physical therapy session moment doubt however determined return court stronger ever experience taught value resilience hard work channeled frustration motivation spending countless hour gym studying game sideline finally made comeback playing win prove could overcome obstacle journey shaped character teaching importance determination power positive mindset look ahead college eager bring level dedication perseverance academic extracurricular pursuit,overcoming adversity basketball court essay effectively us narrative overcoming sport injury demonstrate resilience determination personal growth illustrates applicant transformed adversity motivation skill development highlighting valuable lesson learned teamwork perseverance strengthen essay applicant could provide specific example challenge faced impact experience personal development
"My Favorite Movies: I love watching movies, and I have many favorites. Some of my favorite movies are action-packed, while others are comedies that make me laugh out loud. I especially enjoy movies with a lot of special effects because they are visually stunning. Watching movies is a great way to relax and escape from reality for a few hours. I often watch movies with my friends, and we discuss them afterward. We talk about the plot, the acting, and whether we liked the ending. Movies are a big part of my life, and I think they are important because they can tell stories in a way that books and other media cannot. I am excited to go to college because I will be able to watch movies with new friends and maybe even take some film studies classes. I think it would be fun to learn more about how movies are made and what goes on behind the scenes.","My Favorite Movies: This essay lacks relevance to the college application context and fails to provide meaningful insights into the applicant's character or aspirations. It focuses on a personal interest unrelated to academic or personal growth, missing an opportunity to showcase relevant skills or experiences that align with college goals. The applicant should consider connecting their interests to broader themes or personal development.",favorite movie love watching movie many favorite favorite movie action-packed others comedy make laugh loud especially enjoy movie lot special effect visually stunning watching movie great way relax escape reality hour often watch movie friend discus afterward talk plot acting whether liked ending movie big part life think important tell story way book medium excited go college able watch movie new friend maybe even take film study class think would fun learn movie made go behind scene,favorite movie essay lack relevance college application context fails provide meaningful insight applicant 's character aspiration focus personal interest unrelated academic personal growth missing opportunity showcase relevant skill experience align college goal applicant consider connecting interest broader theme personal development
"The Power of Community Service: Community service has been a significant part of my life and has profoundly influenced my perspective on the world. Volunteering at the local food bank every weekend, I have seen firsthand the struggles that many families face. This experience has instilled in me a deep sense of empathy and a desire to make a tangible difference in my community. One particularly impactful moment was organizing a holiday food drive, which brought together students, teachers, and local businesses to support those in need. The success of this event reinforced my belief in the power of collective action and community spirit. Through these activities, I have developed strong leadership and organizational skills, and I have learned the importance of giving back. As I prepare for college, I am eager to continue my commitment to community service and to find new ways to contribute to the campus and the surrounding community. I believe that my experiences have equipped me with the tools and the mindset needed to be an active and positive member of any community I join.","The Power of Community Service: This essay effectively demonstrates a commitment to community service and its profound impact on the applicant's worldview. It highlights empathy, leadership, and organizational skills through specific examples of initiatives like organizing a food drive. The essay effectively conveys how community service has shaped the applicant's values and aspirations. To enhance the essay, the applicant could reflect on future goals related to community engagement and its alignment with their chosen field of study.",power community service community service significant part life profoundly influenced perspective world volunteering local food bank every weekend seen firsthand struggle many family face experience instilled deep sense empathy desire make tangible difference community one particularly impactful moment organizing holiday food drive brought together student teacher local business support need success event reinforced belief power collective action community spirit activity developed strong leadership organizational skill learned importance giving back prepare college eager continue commitment community service find new way contribute campus surrounding community believe experience equipped tool mindset needed active positive member community join,power community service essay effectively demonstrates commitment community service profound impact applicant 's worldview highlight empathy leadership organizational skill specific example initiative like organizing food drive essay effectively conveys community service shaped applicant 's value aspiration enhance essay applicant could reflect future goal related community engagement alignment chosen field study
"My Trip to the Beach: Last summer, I went to the beach with my family, and it was a lot of fun. We stayed in a hotel right by the ocean, and every day we would go swimming and build sandcastles. I loved feeling the sand between my toes and the sun on my skin. We also went on a boat tour, where we saw dolphins and other sea creatures. At night, we would have dinner at different restaurants, trying all sorts of seafood dishes. My favorite part of the trip was when we had a bonfire on the beach and roasted marshmallows. It was a great vacation, and I hope we can go back next year. I think the beach is a great place to relax and spend time with family.","My Trip to the Beach: The essay lacks depth and fails to connect the applicant's personal experiences to broader themes of personal growth or academic goals. It focuses on a recreational experience without providing insights into the applicant's character, skills, or aspirations relevant to college admissions. The applicant should consider showcasing experiences that demonstrate personal development and skills relevant to their academic and career aspirations.",trip beach last summer went beach family lot fun stayed hotel right ocean every day would go swimming build sandcastles loved feeling sand toe sun skin also went boat tour saw dolphin sea creature night would dinner different restaurant trying sort seafood dish favorite part trip bonfire beach roasted marshmallow great vacation hope go back next year think beach great place relax spend time family,trip beach essay lack depth fails connect applicant 's personal experience broader theme personal growth academic goal focus recreational experience without providing insight applicant 's character skill aspiration relevant college admission applicant consider showcasing experience demonstrate personal development skill relevant academic career aspiration
"A Journey Through STEM: My fascination with STEM began in middle school when I participated in my first science fair. I designed a simple but innovative water filtration system, and this project ignited my passion for engineering. In high school, I joined the robotics team, where I learned not only technical skills but also the value of teamwork and perseverance. One of our most challenging projects was building a robot for a regional competition. Despite numerous setbacks, we worked tirelessly to troubleshoot and improve our design. This experience taught me that failure is not a setback but an opportunity to learn and innovate. My interest in STEM extends beyond the classroom. I have attended summer programs at local universities, where I explored various fields such as computer science and renewable energy. These experiences have solidified my desire to pursue a career in engineering. As I prepare to enter college, I am excited to further my knowledge and to contribute to groundbreaking projects. I believe that with the right education and opportunities, I can make significant advancements in technology that will benefit society.","A Journey Through STEM: This essay effectively communicates a passion for STEM fields through specific examples such as robotics competitions and summer programs. It demonstrates a strong commitment to learning and skill development, showcasing perseverance and teamwork. The essay effectively connects the applicant's experiences to future goals in engineering, illustrating a clear academic focus and motivation. To strengthen the essay, the applicant could elaborate on specific technical challenges overcome and their personal growth from those experiences.",journey stem fascination stem began middle school participated first science fair designed simple innovative water filtration system project ignited passion engineering high school joined robotics team learned technical skill also value teamwork perseverance one challenging project building robot regional competition despite numerous setback worked tirelessly troubleshoot improve design experience taught failure setback opportunity learn innovate interest stem extends beyond classroom attended summer program local university explored various field computer science renewable energy experience solidified desire pursue career engineering prepare enter college excited knowledge contribute groundbreaking project believe right education opportunity make significant advancement technology benefit society,journey stem essay effectively communicates passion stem field specific example robotics competition summer program demonstrates strong commitment learning skill development showcasing perseverance teamwork essay effectively connects applicant 's experience future goal engineering illustrating clear academic focus motivation strengthen essay applicant could elaborate specific technical challenge overcome personal growth experience
"My Daily Routine: Every day, I wake up at 7:00 AM and get ready for school. I have breakfast, usually cereal or toast, and then I catch the bus to school. My classes start at 8:00 AM, and I spend the day studying subjects like math, science, and English. After school, I participate in extracurricular activities, such as the drama club or soccer practice. Once I get home, I do my homework and then have dinner with my family. In the evenings, I like to relax by watching TV or playing video games. I usually go to bed around 10:00 PM. This routine helps me stay organized and focused on my studies.","My Daily Routine: The essay lacks depth and fails to provide meaningful insights into the applicant's character, interests, or goals. It focuses on a mundane routine without connecting it to broader themes of personal growth, academic interests, or aspirations relevant to college admissions. The applicant should consider discussing experiences that demonstrate their skills, passions, or challenges overcome in a more engaging and relevant manner.",daily routine every day wake 7:00 get ready school breakfast usually cereal toast catch bus school class start 8:00 spend day studying subject like math science english school participate extracurricular activity drama club soccer practice get home homework dinner family evening like relax watching tv playing video game usually go bed around 10:00 pm routine help stay organized focused study,daily routine essay lack depth fails provide meaningful insight applicant 's character interest goal focus mundane routine without connecting broader theme personal growth academic interest aspiration relevant college admission applicant consider discussing experience demonstrate skill passion challenge overcome engaging relevant manner
"Discovering My Passion for Literature: From a young age, books have been my sanctuary. I vividly remember the first time I read 'To Kill a Mockingbird'; I was captivated by the characters and the profound themes it explored. This novel sparked my love for literature and inspired me to delve deeper into the world of classic and contemporary works. In high school, I took every literature course available and joined the literary club, where we discussed and analyzed various texts. My passion for literature has also influenced my writing. I enjoy crafting essays and short stories that explore complex human emotions and social issues. Through literature, I have developed critical thinking skills and a deep understanding of different perspectives. As I look forward to college, I am eager to further my studies in literature and to contribute to the academic community through research and writing. I believe that literature has the power to change minds and inspire action, and I am excited to explore its limitless possibilities.","Discovering My Passion for Literature: This essay effectively communicates a love for literature through specific examples and personal reflections on reading and writing. It demonstrates intellectual curiosity, critical thinking, and a deep understanding of literary themes and genres. The essay effectively connects the applicant's passion for literature to broader themes of personal growth and future academic aspirations. To enhance the essay, the applicant could discuss specific literary works that have influenced their perspective or inspired their academic interests.",discovering passion literature young age book sanctuary vividly remember first time read 'to kill mockingbird captivated character profound theme explored novel sparked love literature inspired delve deeper world classic contemporary work high school took every literature course available joined literary club discussed analyzed various text passion literature also influenced writing enjoy crafting essay short story explore complex human emotion social issue literature developed critical thinking skill deep understanding different perspective look forward college eager study literature contribute academic community research writing believe literature power change mind inspire action excited explore limitless possibility,discovering passion literature essay effectively communicates love literature specific example personal reflection reading writing demonstrates intellectual curiosity critical thinking deep understanding literary theme genre essay effectively connects applicant 's passion literature broader theme personal growth future academic aspiration enhance essay applicant could discus specific literary work influenced perspective inspired academic interest
"The Importance of Breakfast: Breakfast is the most important meal of the day, and I always make sure to have a healthy breakfast every morning. Eating breakfast gives me the energy I need to start my day and helps me stay focused during my classes. My favorite breakfast foods are eggs, toast, and fruit. I also enjoy having a glass of orange juice or a cup of coffee. I think everyone should take the time to have breakfast because it can make a big difference in how you feel and perform throughout the day. Skipping breakfast can lead to feeling tired and sluggish, which is why I never miss it.","The Importance of Breakfast: The essay lacks relevance to the college application context and fails to provide meaningful insights into the applicant's character or academic aspirations. It focuses on a trivial topic without connecting it to broader themes of personal growth, achievements, or goals relevant to college admissions. The applicant should consider discussing experiences that demonstrate their skills, passions, or challenges overcome in a more engaging and relevant manner.",importance breakfast breakfast important meal day always make sure healthy breakfast every morning eating breakfast give energy need start day help stay focused class favorite breakfast food egg toast fruit also enjoy glass orange juice cup coffee think everyone take time breakfast make big difference feel perform throughout day skipping breakfast lead feeling tired sluggish never miss,importance breakfast essay lack relevance college application context fails provide meaningful insight applicant 's character academic aspiration focus trivial topic without connecting broader theme personal growth achievement goal relevant college admission applicant consider discussing experience demonstrate skill passion challenge overcome engaging relevant manner
"Lessons Learned from Debate Team: Joining the debate team in high school was one of the most transformative experiences of my life. Initially, I was drawn to debate because I enjoyed arguing and presenting my viewpoints. However, I soon realized that debate was about much more than winning arguments. It taught me the importance of research, critical thinking, and empathy. I learned how to construct logical arguments and to consider multiple perspectives. One of the most valuable lessons I gained was the ability to listen actively and to understand the nuances of different positions. This has not only improved my academic skills but also my interpersonal relationships. Competing in various tournaments, I faced both victories and defeats, each teaching me resilience and the importance of continuous improvement. As I prepare for college, I am eager to join the debate team and to further hone my skills. I believe that the analytical and communication skills I have developed will serve me well in my academic pursuits and beyond.","Lessons Learned from Debate Team: This essay effectively communicates valuable lessons learned from participating in debate, such as critical thinking, research skills, and the ability to consider multiple perspectives. It demonstrates growth in communication and analytical skills through specific examples of debate tournaments and competitions. The essay effectively connects the applicant's experiences on the debate team to broader themes of personal growth and future academic and career aspirations. To strengthen the essay, the applicant could discuss specific debates or challenges that had a profound impact on their perspective and skills.",lesson learned debate team joining debate team high school one transformative experience life initially drawn debate enjoyed arguing presenting viewpoint however soon realized debate much winning argument taught importance research critical thinking empathy learned construct logical argument consider multiple perspective one valuable lesson gained ability listen actively understand nuance different position improved academic skill also interpersonal relationship competing various tournament faced victory defeat teaching resilience importance continuous improvement prepare college eager join debate team hone skill believe analytical communication skill developed serve well academic pursuit beyond,lesson learned debate team essay effectively communicates valuable lesson learned participating debate critical thinking research skill ability consider multiple perspective demonstrates growth communication analytical skill specific example debate tournament competition essay effectively connects applicant 's experience debate team broader theme personal growth future academic career aspiration strengthen essay applicant could discus specific debate challenge profound impact perspective skill
"Why I Like My Hometown: I really like my hometown because it is a small, quiet place where everyone knows each other. There are many parks where I can go for walks and play sports with my friends. The local ice cream shop has the best flavors, and I often go there on weekends. I enjoy the annual town fair, where there are games, rides, and delicious food. My hometown is also very safe, and I feel comfortable walking around at any time of the day. I think it is a great place to live because it has a friendly community and a peaceful atmosphere.","Why I Like My Hometown: The essay lacks depth and fails to provide meaningful insights into the applicant's character, interests, or goals. It focuses on superficial aspects of the applicant's hometown without connecting them to broader themes of personal growth, achievements, or aspirations relevant to college admissions. The applicant should consider discussing experiences that demonstrate their skills, passions, or challenges overcome in a more engaging and relevant manner.",like hometown really like hometown small quiet place everyone know many park go walk play sport friend local ice cream shop best flavor often go weekend enjoy annual town fair game ride delicious food hometown also safe feel comfortable walking around time day think great place live friendly community peaceful atmosphere,like hometown essay lack depth fails provide meaningful insight applicant 's character interest goal focus superficial aspect applicant 's hometown without connecting broader theme personal growth achievement aspiration relevant college admission applicant consider discussing experience demonstrate skill passion challenge overcome engaging relevant manner
"The Impact of Mentorship: One of the most influential experiences in my life has been being mentored by my high school science teacher, Mr. Thompson. He recognized my interest in biology and encouraged me to pursue it further. Under his guidance, I undertook a research project on local ecosystems, which culminated in presenting my findings at a regional science fair. This experience was transformative, not only because it deepened my understanding of biology but also because it showed me the power of mentorship. Mr. Thompson's belief in my abilities boosted my confidence and inspired me to mentor younger students in my school’s science club. I found great satisfaction in helping them navigate their own projects and in seeing their enthusiasm grow. This has solidified my desire to continue mentoring others and to contribute to a community that values education and support. As I move on to college, I am excited to find new mentors and to take on mentoring roles myself, fostering a collaborative and supportive academic environment.","The Impact of Mentorship: This essay effectively communicates the transformative impact of mentorship on the applicant's personal and academic development. It highlights the role of a mentor in guiding and inspiring the applicant to pursue research and share knowledge. The essay demonstrates leadership, empathy, and a commitment to learning through specific examples of mentoring younger students and participating in science projects. To enhance the essay, the applicant could discuss future goals related to mentoring and their aspirations for contributing to their college community.",impact mentorship one influential experience life mentored high school science teacher mr. thompson recognized interest biology encouraged pursue guidance undertook research project local ecosystem culminated presenting finding regional science fair experience transformative deepened understanding biology also showed power mentorship mr. thompson 's belief ability boosted confidence inspired mentor younger student school ’ science club found great satisfaction helping navigate project seeing enthusiasm grow solidified desire continue mentoring others contribute community value education support move college excited find new mentor take mentoring role fostering collaborative supportive academic environment,impact mentorship essay effectively communicates transformative impact mentorship applicant 's personal academic development highlight role mentor guiding inspiring applicant pursue research share knowledge essay demonstrates leadership empathy commitment learning specific example mentoring younger student participating science project enhance essay applicant could discus future goal related mentoring aspiration contributing college community
"My Favorite Video Game: My favorite video game is Fortnite. I love playing it because it is exciting and challenging. I often play with my friends, and we work together as a team to win matches. The graphics are amazing, and the game is always updating with new features and events. Playing Fortnite helps me relax after a long day of school, and it is a fun way to spend my free time. I have learned some strategies and skills that help me improve my gameplay, and I enjoy competing in online tournaments. Overall, Fortnite is my favorite game because it is entertaining and social.","My Favorite Video Game: The essay lacks relevance to the college application context and fails to provide meaningful insights into the applicant's character or academic aspirations. It focuses on a personal interest unrelated to academic or personal growth, missing an opportunity to showcase relevant skills or experiences that align with college goals. The applicant should consider connecting their interests to broader themes or personal development.",favorite video game favorite video game fortnite love playing exciting challenging often play friend work together team win match graphic amazing game always updating new feature event playing fortnite help relax long day school fun way spend free time learned strategy skill help improve gameplay enjoy competing online tournament overall fortnite favorite game entertaining social,favorite video game essay lack relevance college application context fails provide meaningful insight applicant 's character academic aspiration focus personal interest unrelated academic personal growth missing opportunity showcase relevant skill experience align college goal applicant consider connecting interest broader theme personal development
"Embracing My Cultural Heritage: Growing up as a first-generation American, I often felt caught between two worlds. My parents immigrated from India, bringing with them rich traditions and cultural values. Initially, I struggled to balance these with the American way of life. However, as I grew older, I began to embrace my cultural heritage. I started participating in cultural festivals and learning more about my family’s history. One of the most meaningful experiences was organizing a Diwali celebration at my school, where I shared the significance of the festival and introduced traditional foods and dances to my classmates. This not only deepened my appreciation for my heritage but also fostered a sense of pride and identity. I realized that my cultural background is a vital part of who I am, and it has given me a unique perspective on life. As I look forward to college, I am eager to share my culture with others and to learn about the diverse backgrounds of my peers. I believe that understanding and celebrating our differences makes us stronger and more connected.","Embracing My Cultural Heritage: This essay effectively communicates a deep appreciation for cultural heritage and identity through personal experiences such as organizing cultural celebrations. It demonstrates leadership, cultural awareness, and a commitment to sharing traditions with others. The essay effectively connects the applicant's experiences with their cultural background to broader themes of personal growth and community engagement. To strengthen the essay, the applicant could discuss how their cultural identity informs their perspectives and goals for contributing to a diverse college community.",embracing cultural heritage growing first-generation american often felt caught two world parent immigrated india bringing rich tradition cultural value initially struggled balance american way life however grew older began embrace cultural heritage started participating cultural festival learning family ’ history one meaningful experience organizing diwali celebration school shared significance festival introduced traditional food dance classmate deepened appreciation heritage also fostered sense pride identity realized cultural background vital part given unique perspective life look forward college eager share culture others learn diverse background peer believe understanding celebrating difference make u stronger connected,embracing cultural heritage essay effectively communicates deep appreciation cultural heritage identity personal experience organizing cultural celebration demonstrates leadership cultural awareness commitment sharing tradition others essay effectively connects applicant 's experience cultural background broader theme personal growth community engagement strengthen essay applicant could discus cultural identity informs perspective goal contributing diverse college community
"Why I Want to Be Rich: I want to be rich because having a lot of money will allow me to buy whatever I want and live a comfortable life. I will be able to travel the world, drive expensive cars, and live in a big house. Being rich means that I won't have to worry about financial problems, and I can enjoy life to the fullest. I will be able to help my family and friends by giving them money when they need it. I think that being rich will make me happy because I will have the freedom to do what I want and to live my life without any limitations.","Why I Want to Be Rich: The essay lacks depth and meaningful insights into the applicant's character, interests, or goals. It focuses on materialistic aspirations without connecting them to broader themes of personal growth, achievements, or aspirations relevant to college admissions. The applicant should consider discussing experiences that demonstrate their skills, passions, or challenges overcome in a more engaging and relevant manner.",want rich want rich lot money allow buy whatever want live comfortable life able travel world drive expensive car live big house rich mean wo n't worry financial problem enjoy life fullest able help family friend giving money need think rich make happy freedom want live life without limitation,want rich essay lack depth meaningful insight applicant 's character interest goal focus materialistic aspiration without connecting broader theme personal growth achievement aspiration relevant college admission applicant consider discussing experience demonstrate skill passion challenge overcome engaging relevant manner
"Innovating for a Better Future: Innovation has always fascinated me. From a young age, I was drawn to solving problems and creating new solutions. In high school, I co-founded a tech club where we worked on various projects, including developing an app to help students manage their homework and schedule. This project taught me the importance of collaboration, creativity, and perseverance. It was incredibly rewarding to see our app being used by students across the school and to receive positive feedback from our peers and teachers. This experience solidified my passion for technology and innovation. As I prepare for college, I am excited to further explore the field of computer science and to work on projects that have a real-world impact. I believe that with the right education and resources, I can contribute to advancements in technology that will benefit society. My goal is to continue innovating and to use my skills to solve pressing issues, from environmental sustainability to improving access to education.","Innovating for a Better Future: This essay effectively communicates a passion for technology and innovation through specific examples such as developing a homework management app. It demonstrates creativity, problem-solving skills, and a commitment to making a positive impact through technology. The essay effectively connects the applicant's experiences with innovation to broader themes of personal growth and future aspirations in computer science. To strengthen the essay, the applicant could discuss the potential societal impact of their innovations and their long-term goals for contributing to technological advancements.",innovating better future innovation always fascinated young age drawn solving problem creating new solution high school co-founded tech club worked various project including developing app help student manage homework schedule project taught importance collaboration creativity perseverance incredibly rewarding see app used student across school receive positive feedback peer teacher experience solidified passion technology innovation prepare college excited explore field computer science work project real-world impact believe right education resource contribute advancement technology benefit society goal continue innovating use skill solve pressing issue environmental sustainability improving access education,innovating better future essay effectively communicates passion technology innovation specific example developing homework management app demonstrates creativity problem-solving skill commitment making positive impact technology essay effectively connects applicant 's experience innovation broader theme personal growth future aspiration computer science strengthen essay applicant could discus potential societal impact innovation long-term goal contributing technological advancement
"A Day in My Life: Every day, I wake up at 7:00 AM and get ready for school. I have breakfast, usually cereal or toast, and then I catch the bus to school. My classes start at 8:00 AM, and I spend the day studying subjects like math, science, and English. After school, I participate in extracurricular activities, such as the drama club or soccer practice. Once I get home, I do my homework and then have dinner with my family. In the evenings, I like to relax by watching TV or playing video games. I usually go to bed around 10:00 PM. This routine helps me stay organized and focused on my studies.","A Day in My Life: The essay lacks depth and fails to provide meaningful insights into the applicant's character, interests, or goals. It focuses on a mundane routine without connecting it to broader themes of personal growth, academic interests, or aspirations relevant to college admissions. The applicant should consider discussing experiences that demonstrate their skills, passions, or challenges overcome in a more engaging and relevant manner.",day life every day wake 7:00 get ready school breakfast usually cereal toast catch bus school class start 8:00 spend day studying subject like math science english school participate extracurricular activity drama club soccer practice get home homework dinner family evening like relax watching tv playing video game usually go bed around 10:00 pm routine help stay organized focused study,day life essay lack depth fails provide meaningful insight applicant 's character interest goal focus mundane routine without connecting broader theme personal growth academic interest aspiration relevant college admission applicant consider discussing experience demonstrate skill passion challenge overcome engaging relevant manner
"My Journey in Robotics: My journey in robotics began in middle school when I joined the school’s robotics club. I was fascinated by the process of designing and building robots, and this interest only grew as I progressed through high school. Being part of the robotics team taught me valuable skills in engineering, programming, and teamwork. One of the most memorable experiences was participating in a national robotics competition. Our team faced numerous challenges, from technical malfunctions to intense competition, but we persevered through collaboration and innovative thinking. This experience solidified my passion for robotics and my desire to pursue a career in engineering. I am eager to continue this journey in college, where I can further develop my skills and contribute to cutting-edge projects. I believe that robotics has the potential to revolutionize industries and improve lives, and I am excited to be part of this technological advancement.","My Journey in Robotics: This essay effectively communicates a passion for robotics through specific examples such as participating in national competitions and co-founding a robotics club. It demonstrates technical skills, teamwork, and a commitment to innovation in engineering. The essay effectively connects the applicant's experiences with robotics to broader themes of personal growth and future aspirations in engineering. To strengthen the essay, the applicant could discuss specific technical challenges overcome and their long-term goals for contributing to advancements in robotics.",journey robotics journey robotics began middle school joined school ’ robotics club fascinated process designing building robot interest grew progressed high school part robotics team taught valuable skill engineering programming teamwork one memorable experience participating national robotics competition team faced numerous challenge technical malfunction intense competition persevered collaboration innovative thinking experience solidified passion robotics desire pursue career engineering eager continue journey college develop skill contribute cutting-edge project believe robotics potential revolutionize industry improve life excited part technological advancement,journey robotics essay effectively communicates passion robotics specific example participating national competition co-founding robotics club demonstrates technical skill teamwork commitment innovation engineering essay effectively connects applicant 's experience robotics broader theme personal growth future aspiration engineering strengthen essay applicant could discus specific technical challenge overcome long-term goal contributing advancement robotics
"My Love for Fast Food: I love fast food because it is quick, convenient, and delicious. My favorite fast food restaurant is McDonald's, and I often go there with my friends. I enjoy eating burgers, fries, and milkshakes. Fast food is great because it is affordable and available almost everywhere. I also like trying different fast food places to see which one has the best menu items. Although I know that fast food is not very healthy, I think it is okay to enjoy it in moderation. I believe that everyone should have a favorite fast food place because it is a fun and easy way to enjoy a meal.","My Love for Fast Food: The essay lacks relevance to the college application context and fails to provide meaningful insights into the applicant's character or academic aspirations. It focuses on a personal interest unrelated to academic or personal growth, missing an opportunity to showcase relevant skills or experiences that align with college goals. The applicant should consider connecting their interests to broader themes or personal development.",love fast food love fast food quick convenient delicious favorite fast food restaurant mcdonald 's often go friend enjoy eating burger fry milkshake fast food great affordable available almost everywhere also like trying different fast food place see one best menu item although know fast food healthy think okay enjoy moderation believe everyone favorite fast food place fun easy way enjoy meal,love fast food essay lack relevance college application context fails provide meaningful insight applicant 's character academic aspiration focus personal interest unrelated academic personal growth missing opportunity showcase relevant skill experience align college goal applicant consider connecting interest broader theme personal development
"Exploring Environmental Activism: Growing up near a polluted river sparked my passion for environmental activism. Witnessing the degradation of our local ecosystem motivated me to take action. I joined a community group focused on cleaning up our river and educating others about sustainable practices. Through these efforts, I learned the power of grassroots movements and the importance of advocacy. Participating in local clean-up drives and organizing recycling programs taught me practical skills in environmental stewardship. These experiences have shaped my commitment to studying environmental science in college. I aspire to research sustainable solutions to environmental challenges and contribute to creating a healthier planet for future generations.","This essay effectively communicates a strong passion for environmental activism and advocacy. The applicant shares specific experiences and initiatives taken to address local environmental issues, demonstrating leadership and commitment. The narrative effectively connects personal experiences to future academic aspirations in environmental science, showing a clear motivation for pursuing studies in this field. To further strengthen the essay, the applicant could elaborate on specific environmental challenges faced and the impact of their initiatives on the community.",exploring environmental activism growing near polluted river sparked passion environmental activism witnessing degradation local ecosystem motivated take action joined community group focused cleaning river educating others sustainable practice effort learned power grassroots movement importance advocacy participating local clean-up drive organizing recycling program taught practical skill environmental stewardship experience shaped commitment studying environmental science college aspire research sustainable solution environmental challenge contribute creating healthier planet future generation,essay effectively communicates strong passion environmental activism advocacy applicant share specific experience initiative taken address local environmental issue demonstrating leadership commitment narrative effectively connects personal experience future academic aspiration environmental science showing clear motivation pursuing study field strengthen essay applicant could elaborate specific environmental challenge faced impact initiative community
My Pet Dog: I have a pet dog named Max. He is a golden retriever and very friendly. Max loves playing fetch and going for walks in the park. I enjoy spending time with him because he always makes me happy. Having a dog has taught me responsibility and patience. I think dogs are amazing companions and bring joy to our lives.,"The essay lacks relevance to the college application context and fails to provide insights into the applicant's academic or personal growth. While the relationship with a pet can teach responsibility and companionship, it does not demonstrate qualities or experiences relevant to college admissions. The applicant should consider discussing experiences that highlight skills, achievements, or personal growth applicable to their academic goals and future aspirations.",pet dog pet dog named max golden retriever friendly max love playing fetch going walk park enjoy spending time always make happy dog taught responsibility patience think dog amazing companion bring joy life,essay lack relevance college application context fails provide insight applicant 's academic personal growth relationship pet teach responsibility companionship demonstrate quality experience relevant college admission applicant consider discussing experience highlight skill achievement personal growth applicable academic goal future aspiration
"Overcoming Language Barriers: Moving to a new country where I didn't speak the language was daunting. Initially, simple tasks like ordering food or asking for directions were challenges. However, I saw this as an opportunity to immerse myself in a new culture and learn a new language. Through persistence and dedication, I enrolled in language classes and practiced with locals. Over time, I gained fluency and confidence. Learning a new language opened doors to new friendships and cultural understanding. It taught me resilience and adaptability, qualities that will benefit me in college and beyond. I look forward to further exploring linguistics and international relations in my academic journey.","Overcoming Language Barriers: This essay effectively communicates resilience, cultural adaptation, and personal growth through the experience of learning a new language in a foreign country. The applicant shares specific challenges faced and the strategies employed to overcome them, demonstrating determination and adaptability. The narrative effectively connects language learning experiences to broader themes of personal growth and academic aspirations in linguistics or international relations. To enhance the essay, the applicant could discuss cultural insights gained and how language learning has influenced their perspective on global issues.",overcoming language barrier moving new country n't speak language daunting initially simple task like ordering food asking direction challenge however saw opportunity immerse new culture learn new language persistence dedication enrolled language class practiced local time gained fluency confidence learning new language opened door new friendship cultural understanding taught resilience adaptability quality benefit college beyond look forward exploring linguistics international relation academic journey,overcoming language barrier essay effectively communicates resilience cultural adaptation personal growth experience learning new language foreign country applicant share specific challenge faced strategy employed overcome demonstrating determination adaptability narrative effectively connects language learning experience broader theme personal growth academic aspiration linguistics international relation enhance essay applicant could discus cultural insight gained language learning influenced perspective global issue
"My Favorite Music Genre: I really enjoy listening to hip-hop music. The beats are catchy, and the lyrics are often meaningful. Hip-hop artists like Drake and Kendrick Lamar inspire me with their storytelling. Music is a big part of my life because it helps me relax and unwind after a long day. I often listen to music while studying or hanging out with friends.","My Favorite Music Genre: The essay lacks relevance to the college application context and fails to provide meaningful insights into the applicant's character, interests, or academic aspirations. While personal interests such as music are important, this essay does not connect them to broader themes of personal growth, achievements, or goals relevant to college admissions. The applicant should consider discussing experiences that demonstrate their skills, passions, or challenges overcome in a more engaging and relevant manner.",favorite music genre really enjoy listening hip-hop music beat catchy lyric often meaningful hip-hop artist like drake kendrick lamar inspire storytelling music big part life help relax unwind long day often listen music studying hanging friend,favorite music genre essay lack relevance college application context fails provide meaningful insight applicant 's character interest academic aspiration personal interest music important essay connect broader theme personal growth achievement goal relevant college admission applicant consider discussing experience demonstrate skill passion challenge overcome engaging relevant manner
"Leadership in Student Government: Serving as the president of my school's student government has been a transformative experience. I've led initiatives to improve campus facilities, organize charity events, and advocate for student concerns. Through collaboration with peers and faculty, I've developed strong communication and organizational skills. These experiences have solidified my passion for public service and leadership. I aim to continue advocating for student voices in college and pursue a career in public policy to effect positive change on a larger scale.","Leadership in Student Government: This essay effectively communicates leadership skills and achievements through specific examples of initiatives taken as the president of the student government. The applicant demonstrates effective communication, organizational abilities, and a commitment to improving campus life. The narrative effectively connects leadership experiences to broader themes of personal growth and future aspirations in public service or policy. To further strengthen the essay, the applicant could discuss the impact of their leadership on the student body and their vision for future leadership roles in college and beyond.",leadership student government serving president school 's student government transformative experience 've led initiative improve campus facility organize charity event advocate student concern collaboration peer faculty 've developed strong communication organizational skill experience solidified passion public service leadership aim continue advocating student voice college pursue career public policy effect positive change larger scale,leadership student government essay effectively communicates leadership skill achievement specific example initiative taken president student government applicant demonstrates effective communication organizational ability commitment improving campus life narrative effectively connects leadership experience broader theme personal growth future aspiration public service policy strengthen essay applicant could discus impact leadership student body vision future leadership role college beyond
My Favorite TV Show: One of my favorite TV shows is 'Friends'. I enjoy watching it because the characters are funny and the storyline is entertaining. 'Friends' has become a classic sitcom that many people still enjoy watching today. It's a great way to unwind and laugh after a busy day.,"My Favorite TV Show: The essay lacks relevance to the college application context and fails to provide meaningful insights into the applicant's character, interests, or academic aspirations. While personal interests such as favorite TV shows are valid, this essay does not connect them to broader themes of personal growth, achievements, or goals relevant to college admissions. The applicant should consider discussing experiences that demonstrate their skills, passions, or challenges overcome in a more engaging and relevant manner.",favorite tv show one favorite tv show 'friends enjoy watching character funny storyline entertaining 'friends become classic sitcom many people still enjoy watching today 's great way unwind laugh busy day,favorite tv show essay lack relevance college application context fails provide meaningful insight applicant 's character interest academic aspiration personal interest favorite tv show valid essay connect broader theme personal growth achievement goal relevant college admission applicant consider discussing experience demonstrate skill passion challenge overcome engaging relevant manner
" Growing up was tough because I didn't always understand what was happening around me. My family speaks a different language at home, and school was confusing. But I guess I've managed to do okay. I want to study something in college, maybe business, I'm not sure yet.","This essay lacks a clear narrative and fails to address the prompt effectively. The writing is vague and lacks specific details about personal experiences or achievements. It does not demonstrate a sense of purpose or direction in terms of academic or career goals. To improve, the applicant should provide more concrete examples of challenges overcome and their impact on personal growth and future aspirations.",growing tough n't always understand happening around family speaks different language home school confusing guess 've managed okay want study something college maybe business 'm sure yet,essay lack clear narrative fails address prompt effectively writing vague lack specific detail personal experience achievement demonstrate sense purpose direction term academic career goal improve applicant provide concrete example challenge overcome impact personal growth future aspiration
"My life has been pretty normal, I guess. I go to school, hang out with friends, play video games. I don't really know what I want to do in the future, but I'll figure it out eventually.","The essay lacks depth and fails to engage the reader. It is overly simplistic and does not provide any meaningful insights into the applicant's background, experiences, or aspirations. The writing lacks focus and coherence, making it difficult to understand the applicant's motivations or goals for college. To improve, the applicant should reflect on specific experiences or interests that demonstrate their potential for growth and contribution to the college community.",life pretty normal guess go school hang friend play video game n't really know want future 'll figure eventually,essay lack depth fails engage reader overly simplistic provide meaningful insight applicant 's background experience aspiration writing lack focus coherence making difficult understand applicant 's motivation goal college improve applicant reflect specific experience interest demonstrate potential growth contribution college community
I'm applying to college because everyone says I should. I don't really have any big dreams or goals. I just want to get through school and get a job.,"This essay demonstrates a lack of enthusiasm and purpose in applying to college. It fails to articulate any personal goals or aspirations, relying instead on vague statements about societal expectations. The writing is uninspired and does not convey any sense of passion or commitment to academic or personal growth. To improve, the applicant should reflect on personal experiences or interests that illustrate their potential for success and contribution to the college environment.",'m applying college everyone say n't really big dream goal want get school get job,essay demonstrates lack enthusiasm purpose applying college fails articulate personal goal aspiration relying instead vague statement societal expectation writing uninspired convey sense passion commitment academic personal growth improve applicant reflect personal experience interest illustrate potential success contribution college environment
"I've faced some challenges growing up, but who hasn't? I don't really like talking about them. College seems like the next step, so here I am.","The essay lacks depth and fails to provide any meaningful insights into the applicant's background or experiences. It avoids discussing personal challenges or accomplishments, which are essential for demonstrating resilience and growth. The writing is vague and lacks specificity, making it difficult for the reader to understand the applicant's motivations for applying to college. To improve, the applicant should focus on specific examples of challenges overcome and their impact on personal development and future goals.",'ve faced challenge growing n't n't really like talking college seems like next step,essay lack depth fails provide meaningful insight applicant 's background experience avoids discussing personal challenge accomplishment essential demonstrating resilience growth writing vague lack specificity making difficult reader understand applicant 's motivation applying college improve applicant focus specific example challenge overcome impact personal development future goal
"I think college is important, so I'm applying. I haven't done a lot of stuff outside of school, but I think I'll do okay.","This essay lacks substance and fails to provide any meaningful insights into the applicant's readiness for college. It does not discuss extracurricular activities or personal interests that demonstrate potential for success. The writing is generic and lacks specificity, making it difficult to understand the applicant's motivations or aspirations. To improve, the applicant should reflect on specific experiences or interests that illustrate their readiness and enthusiasm for college.",think college important 'm applying n't done lot stuff outside school think 'll okay,essay lack substance fails provide meaningful insight applicant 's readiness college discus extracurricular activity personal interest demonstrate potential success writing generic lack specificity making difficult understand applicant 's motivation aspiration improve applicant reflect specific experience interest illustrate readiness enthusiasm college
"My parents want me to go to college, so I'm applying. I don't really know what I want to study yet. Maybe I'll figure it out when I get there.","The essay lacks a clear sense of purpose and fails to articulate any personal interests or goals for college. It relies on vague statements about parental expectations rather than reflecting on personal experiences or aspirations. The writing is uninspired and lacks specificity, making it difficult for the reader to connect with the applicant's motivations. To improve, the applicant should focus on personal experiences or interests that demonstrate their potential for academic and personal growth.",parent want go college 'm applying n't really know want study yet maybe 'll figure get,essay lack clear sense purpose fails articulate personal interest goal college relies vague statement parental expectation rather reflecting personal experience aspiration writing uninspired lack specificity making difficult reader connect applicant 's motivation improve applicant focus personal experience interest demonstrate potential academic personal growth
"School has been okay, I guess. I'm not really into extracurriculars or anything. College seems like the next thing to do.","This essay lacks engagement and fails to provide any meaningful insights into the applicant's experiences or aspirations. It does not discuss extracurricular activities or personal interests that demonstrate readiness for college. The writing is generic and lacks specificity, making it difficult to understand the applicant's motivations or goals. To improve, the applicant should reflect on specific experiences or interests that illustrate their potential for success and contribution to the college community.",school okay guess 'm really extracurriculars anything college seems like next thing,essay lack engagement fails provide meaningful insight applicant 's experience aspiration discus extracurricular activity personal interest demonstrate readiness college writing generic lack specificity making difficult understand applicant 's motivation goal improve applicant reflect specific experience interest illustrate potential success contribution college community
"I'm not sure why I'm applying to college. Everyone says it's important, so I guess I should do it.","The essay lacks clarity and fails to articulate any personal motivations or goals for college. It relies on vague statements about societal expectations rather than reflecting on personal experiences or aspirations. The writing is uninspired and lacks specificity, making it difficult for the reader to understand the applicant's readiness for college. To improve, the applicant should focus on personal experiences or interests that demonstrate their potential for academic and personal growth.",'m sure 'm applying college everyone say 's important guess,essay lack clarity fails articulate personal motivation goal college relies vague statement societal expectation rather reflecting personal experience aspiration writing uninspired lack specificity making difficult reader understand applicant 's readiness college improve applicant focus personal experience interest demonstrate potential academic personal growth
I don't have any big accomplishments or anything. I just go to school and do my homework. College seems like the next step.,"This essay lacks depth and fails to provide any meaningful insights into the applicant's background or experiences. It avoids discussing personal accomplishments or challenges, which are essential for demonstrating resilience and growth. The writing is vague and lacks specificity, making it difficult for the reader to understand the applicant's motivations for applying to college. To improve, the applicant should focus on specific examples of challenges overcome and their impact on personal development and future goals.",n't big accomplishment anything go school homework college seems like next step,essay lack depth fails provide meaningful insight applicant 's background experience avoids discussing personal accomplishment challenge essential demonstrating resilience growth writing vague lack specificity making difficult reader understand applicant 's motivation applying college improve applicant focus specific example challenge overcome impact personal development future goal
 I don't really have any passions or interests that stand out. I just want to go to college because that's what everyone does.,"The essay lacks passion and fails to articulate any personal interests or aspirations. It relies on generic statements about societal expectations rather than reflecting on personal experiences or goals for college. The writing is uninspired and lacks specificity, making it difficult for the reader to connect with the applicant's motivations. To improve, the applicant should focus on personal experiences or interests that demonstrate their potential for academic and personal growth.",n't really passion interest stand want go college 's everyone,essay lack passion fails articulate personal interest aspiration relies generic statement societal expectation rather reflecting personal experience goal college writing uninspired lack specificity making difficult reader connect applicant 's motivation improve applicant focus personal experience interest demonstrate potential academic personal growth
"Growing up in a multicultural neighborhood where diversity thrives, I have been fortunate to experience the richness of different cultures firsthand. This environment has shaped my worldview and ignited my passion for social justice. Through community service and leadership roles in school clubs, I have actively worked to promote inclusivity and equality. My goal is to continue advocating for marginalized communities by studying law and policy in college, aiming to create positive change on a broader scale.","This essay provides a clear and well-structured narrative that effectively answers the prompt. The applicant demonstrates a strong understanding of their cultural background and how it has influenced their passion for social justice. The writing style is engaging and appropriate, with a tone that reflects sincerity and commitment. Positive traits such as leadership and advocacy for marginalized communities are effectively showcased. The essay shows self-reflection by linking personal experiences to future aspirations in law and policy, highlighting insightful connections between their upbringing and career goals. To enhance the essay, the applicant could further elaborate on specific examples of community service or leadership roles that illustrate their impact and growth.",growing multicultural neighborhood diversity thrives fortunate experience richness different culture firsthand environment shaped worldview ignited passion social justice community service leadership role school club actively worked promote inclusivity equality goal continue advocating marginalized community studying law policy college aiming create positive change broader scale,essay provides clear well-structured narrative effectively answer prompt applicant demonstrates strong understanding cultural background influenced passion social justice writing style engaging appropriate tone reflects sincerity commitment positive trait leadership advocacy marginalized community effectively showcased essay show self-reflection linking personal experience future aspiration law policy highlighting insightful connection upbringing career goal enhance essay applicant could elaborate specific example community service leadership role illustrate impact growth
"As the daughter of immigrant parents who sacrificed everything for a chance at a better life, I have been deeply inspired by their resilience and determination. Their journey has instilled in me a strong work ethic and a commitment to education. Despite facing financial hardships, I have maintained academic excellence and actively participated in extracurricular activities such as debate and volunteer tutoring. My aspiration is to become a first-generation college graduate and pursue a career in education to empower future generations.","This essay effectively portrays the applicant's resilience and determination inspired by their immigrant parents' sacrifices. The narrative is well-structured and engaging, demonstrating a clear link between personal experiences and academic pursuits. The writing style is appropriate and reflective, with a tone that conveys authenticity and ambition. Positive traits such as strong work ethic and commitment to education are prominently displayed. The essay shows self-reflection through discussions of overcoming financial hardships and aspirations to become a first-generation college graduate and educator. To strengthen the essay, the applicant could provide more specific examples of challenges overcome and their impact on personal growth and academic achievements.",daughter immigrant parent sacrificed everything chance better life deeply inspired resilience determination journey instilled strong work ethic commitment education despite facing financial hardship maintained academic excellence actively participated extracurricular activity debate volunteer tutoring aspiration become first-generation college graduate pursue career education empower future generation,essay effectively portrays applicant 's resilience determination inspired immigrant parent sacrifice narrative well-structured engaging demonstrating clear link personal experience academic pursuit writing style appropriate reflective tone conveys authenticity ambition positive trait strong work ethic commitment education prominently displayed essay show self-reflection discussion overcoming financial hardship aspiration become first-generation college graduate educator strengthen essay applicant could provide specific example challenge overcome impact personal growth academic achievement
"From a young age, I found solace in the art of storytelling through writing. Whether crafting short stories or exploring themes in literature, I discovered the power of words to inspire and provoke thought. Writing became my sanctuary, allowing me to navigate personal challenges and express my identity. Through literary clubs and workshops, I have honed my craft and developed a voice that seeks to amplify underrepresented narratives. In college, I aspire to study English literature and contribute to the discourse on diversity and representation in storytelling.","The essay effectively explores the applicant's passion for storytelling and literature, demonstrating creativity and self-expression. It is well-structured and engaging, with a writing style that captivates the reader's attention. The tone reflects a genuine appreciation for the power of words and cultural diversity. Positive traits such as creativity and cultural awareness are effectively portrayed. The essay shows self-reflection through discussions of personal challenges and aspirations in English literature. To enhance the essay, the applicant could provide more specific examples of literary influences and their contributions to promoting diversity in storytelling.",young age found solace art storytelling writing whether crafting short story exploring theme literature discovered power word inspire provoke thought writing became sanctuary allowing navigate personal challenge express identity literary club workshop honed craft developed voice seek amplify underrepresented narrative college aspire study english literature contribute discourse diversity representation storytelling,essay effectively explores applicant 's passion storytelling literature demonstrating creativity self-expression well-structured engaging writing style captivates reader 's attention tone reflects genuine appreciation power word cultural diversity positive trait creativity cultural awareness effectively portrayed essay show self-reflection discussion personal challenge aspiration english literature enhance essay applicant could provide specific example literary influence contribution promoting diversity storytelling
"Growing up with a passion for environmental sustainability, I have actively engaged in initiatives to promote eco-friendly practices within my community. Organizing recycling drives, participating in beach cleanups, and advocating for sustainable policies at school have been instrumental in shaping my commitment to environmental stewardship. I intend to pursue a degree in environmental science to equip myself with the knowledge and skills necessary to address pressing global issues related to climate change and conservation.","This essay effectively communicates the applicant's commitment to environmental sustainability and community engagement. The narrative is clear and compelling, with a well-structured discussion of their experiences and aspirations. The writing style is appropriate and passionate, conveying sincerity and dedication to environmental stewardship. Positive traits such as leadership in eco-friendly initiatives are prominently displayed. The essay shows self-reflection through discussions of environmental challenges and future goals in environmental science. To strengthen the essay, the applicant could provide more specific examples of innovative projects or leadership roles that demonstrate their impact on sustainability efforts.",growing passion environmental sustainability actively engaged initiative promote eco-friendly practice within community organizing recycling drive participating beach cleanup advocating sustainable policy school instrumental shaping commitment environmental stewardship intend pursue degree environmental science equip knowledge skill necessary address pressing global issue related climate change conservation,essay effectively communicates applicant 's commitment environmental sustainability community engagement narrative clear compelling well-structured discussion experience aspiration writing style appropriate passionate conveying sincerity dedication environmental stewardship positive trait leadership eco-friendly initiative prominently displayed essay show self-reflection discussion environmental challenge future goal environmental science strengthen essay applicant could provide specific example innovative project leadership role demonstrate impact sustainability effort
"Being the eldest sibling in a single-parent household, I have embraced the role of caregiver and mentor to my younger siblings. Balancing household responsibilities with academic pursuits has taught me resilience and time management skills. Despite facing adversity, I have maintained a strong academic record and actively participated in extracurricular activities such as student government and community service. My dream is to study psychology in college and specialize in child development to support children from similar backgrounds.","The essay effectively portrays the applicant's responsibilities as an eldest sibling and their dedication to academic and extracurricular pursuits. It is well-structured and engaging, with a writing style that conveys maturity and resilience. The tone reflects a commitment to family and community service. Positive traits such as leadership and resilience in balancing responsibilities are effectively showcased. The essay shows self-reflection through discussions of personal challenges and aspirations in psychology. To enhance the essay, the applicant could provide more specific examples of mentoring experiences and their impact on personal growth and future career aspirations.",eldest sibling single-parent household embraced role caregiver mentor younger sibling balancing household responsibility academic pursuit taught resilience time management skill despite facing adversity maintained strong academic record actively participated extracurricular activity student government community service dream study psychology college specialize child development support child similar background,essay effectively portrays applicant 's responsibility eldest sibling dedication academic extracurricular pursuit well-structured engaging writing style conveys maturity resilience tone reflects commitment family community service positive trait leadership resilience balancing responsibility effectively showcased essay show self-reflection discussion personal challenge aspiration psychology enhance essay applicant could provide specific example mentoring experience impact personal growth future career aspiration
"As a competitive athlete, I have learned invaluable lessons in discipline, teamwork, and perseverance. Representing my school in varsity basketball and track events has not only taught me physical resilience but also fostered leadership skills through captaincy roles. Off the field, I have mentored younger athletes and volunteered at sports camps to share my passion for athletics. In college, I plan to study kinesiology and pursue a career as a sports therapist to help athletes recover from injuries and achieve peak performance.","This essay effectively discusses the applicant's experiences as a competitive athlete and their aspirations in sports therapy. The narrative is engaging and well-structured, with a clear link between athletic achievements and personal growth. The writing style is appropriate and enthusiastic, conveying a passion for athletics and helping others. Positive traits such as discipline and teamwork are prominently displayed. The essay shows self-reflection through discussions of leadership roles and aspirations in kinesiology. To strengthen the essay, the applicant could provide more specific examples of challenges overcome and their impact on personal development and career goals.",competitive athlete learned invaluable lesson discipline teamwork perseverance representing school varsity basketball track event taught physical resilience also fostered leadership skill captaincy role field mentored younger athlete volunteered sport camp share passion athletics college plan study kinesiology pursue career sport therapist help athlete recover injury achieve peak performance,essay effectively discus applicant 's experience competitive athlete aspiration sport therapy narrative engaging well-structured clear link athletic achievement personal growth writing style appropriate enthusiastic conveying passion athletics helping others positive trait discipline teamwork prominently displayed essay show self-reflection discussion leadership role aspiration kinesiology strengthen essay applicant could provide specific example challenge overcome impact personal development career goal
"Growing up in a family where entrepreneurship runs deep, I have been immersed in the world of business from a young age. Observing my parents navigate the challenges of running a small business has inspired my own entrepreneurial spirit. I launched my own small-scale business selling handmade jewelry online, which taught me valuable lessons in marketing, budgeting, and customer relations. My goal is to major in business administration and eventually start my own socially responsible enterprise that contributes positively to the community.","The essay effectively showcases the applicant's entrepreneurial spirit and business acumen. It is well-structured and engaging, with a writing style that conveys enthusiasm and ambition. The tone reflects a genuine interest in business and community impact. Positive traits such as creativity and leadership in launching a small business are effectively portrayed. The essay shows self-reflection through discussions of entrepreneurial challenges and aspirations in business administration. To enhance the essay, the applicant could provide more specific examples of business achievements and their vision for future entrepreneurial endeavors.",growing family entrepreneurship run deep immersed world business young age observing parent navigate challenge running small business inspired entrepreneurial spirit launched small-scale business selling handmade jewelry online taught valuable lesson marketing budgeting customer relation goal major business administration eventually start socially responsible enterprise contributes positively community,essay effectively showcase applicant 's entrepreneurial spirit business acumen well-structured engaging writing style conveys enthusiasm ambition tone reflects genuine interest business community impact positive trait creativity leadership launching small business effectively portrayed essay show self-reflection discussion entrepreneurial challenge aspiration business administration enhance essay applicant could provide specific example business achievement vision future entrepreneurial endeavor
"As a dedicated musician, I have found joy and purpose in playing the violin since childhood. Through years of practice and performances in orchestras and chamber groups, I have developed discipline, creativity, and a deep appreciation for music's ability to connect people across cultures. Outside of music, I have volunteered at retirement homes to share my passion with elderly residents and organized charity concerts to raise funds for music education programs. I aspire to study music performance in college and pursue a career as a professional violinist and educator.","This essay effectively discusses the applicant's passion for music and their aspirations as a professional violinist and educator. The narrative is compelling and well-structured, with a clear link between musical experiences and personal growth. The writing style is expressive and reflective, conveying a deep appreciation for music and its cultural significance. Positive traits such as creativity and dedication to music education are prominently displayed. The essay shows self-reflection through discussions of musical influences and aspirations in music performance. To strengthen the essay, the applicant could provide more specific examples of musical achievements and their impact on personal development and career goals.",dedicated musician found joy purpose playing violin since childhood year practice performance orchestra chamber group developed discipline creativity deep appreciation music 's ability connect people across culture outside music volunteered retirement home share passion elderly resident organized charity concert raise fund music education program aspire study music performance college pursue career professional violinist educator,essay effectively discus applicant 's passion music aspiration professional violinist educator narrative compelling well-structured clear link musical experience personal growth writing style expressive reflective conveying deep appreciation music cultural significance positive trait creativity dedication music education prominently displayed essay show self-reflection discussion musical influence aspiration music performance strengthen essay applicant could provide specific example musical achievement impact personal development career goal
"Growing up in a rural farming community, I have witnessed the impact of agricultural practices on the environment and local economy. My experiences working on my family's farm have ignited my passion for sustainable agriculture and food security. I have actively participated in Future Farmers of America (FFA) and agricultural science projects, aiming to innovate farming techniques that reduce environmental impact while ensuring food accessibility. In college, I plan to study agricultural engineering to develop technologies that promote sustainable farming practices worldwide.","The essay effectively communicates the applicant's passion for sustainable agriculture and their involvement in agricultural science projects. It is well-structured and informative, with a writing style that conveys enthusiasm and commitment to environmental stewardship. The tone reflects a genuine interest in innovating farming practices.",growing rural farming community witnessed impact agricultural practice environment local economy experience working family 's farm ignited passion sustainable agriculture food security actively participated future farmer america ffa agricultural science project aiming innovate farming technique reduce environmental impact ensuring food accessibility college plan study agricultural engineering develop technology promote sustainable farming practice worldwide,essay effectively communicates applicant 's passion sustainable agriculture involvement agricultural science project well-structured informative writing style conveys enthusiasm commitment environmental stewardship tone reflects genuine interest innovating farming practice
"As a first-generation college applicant, I have navigated a unique path to pursue my academic and personal goals. Raised in a household where English is a second language, I have overcome language barriers and cultural differences to excel academically and engage actively in extracurricular activities such as debate and community service. My journey has shaped my determination to study political science and advocate for policies that promote social equity and immigrant rights in college and beyond.","This essay provides a compelling narrative that effectively addresses the prompt. It outlines a clear and well-structured journey from overcoming language barriers and cultural differences to excelling academically and engaging in meaningful extracurricular activities such as debate and community service. The writing style is engaging and demonstrates a sincere passion for social equity and immigrant rights. The tone is appropriate, conveying determination and resilience in navigating challenges.

Positive traits such as perseverance, leadership in extracurricular activities, and a commitment to advocating for marginalized communities, especially immigrants, are prominently showcased. The essay effectively shows self-reflection through discussions of personal experiences and aspirations in political science, illustrating how your unique background has influenced your career goals.

To further strengthen the essay, consider providing more specific examples of challenges overcome and their impact on your personal growth and academic achievements. Additionally, you could elaborate on concrete ways you plan to contribute to promoting social equity and immigrant rights during your college years and beyond. This could include discussing relevant coursework, internships, or community involvement that aligns with your aspirations in political science.

Overall, this essay effectively communicates your resilience, determination, and commitment to making a positive impact, making it a strong addition to your UC application.",first-generation college applicant navigated unique path pursue academic personal goal raised household english second language overcome language barrier cultural difference excel academically engage actively extracurricular activity debate community service journey shaped determination study political science advocate policy promote social equity immigrant right college beyond,essay provides compelling narrative effectively address prompt outline clear well-structured journey overcoming language barrier cultural difference excelling academically engaging meaningful extracurricular activity debate community service writing style engaging demonstrates sincere passion social equity immigrant right tone appropriate conveying determination resilience navigating challenge positive trait perseverance leadership extracurricular activity commitment advocating marginalized community especially immigrant prominently showcased essay effectively show self-reflection discussion personal experience aspiration political science illustrating unique background influenced career goal strengthen essay consider providing specific example challenge overcome impact personal growth academic achievement additionally could elaborate concrete way plan contribute promoting social equity immigrant right college year beyond could include discussing relevant coursework internship community involvement aligns aspiration political science overall essay effectively communicates resilience determination commitment making positive impact making strong addition uc application
" When “The Devil Went Down to Georgia” began to play, it was my signal to lay out a winning floor routine. Round off. Back handspring. Double back layout. Stick!

Instead, I jolted off the floor, landing out of bounds. Over the past week, I hadn’t landed that pass once, and regionals were only seven days away. I heaved a heavy sigh and stomped over to the bench.

Coach Farkas saw my consternation. “Mona, get out of your head. You’re way too preoccupied with your tumbling passes. You could do them in your sleep!”

That was the problem. I was dreaming of tumbling and missing my landings, waking up in a cold sweat. The stress felt overwhelming.

“Stretch out. You’re done for tonight.”

I walked home from the gym that had been my second home since fourth grade. Yet my anxiety was increasing every time I practiced.

I startled my mom. “You’re home early! Wait! You walked? Mona, what’s going on?!”

I slumped down at the kitchen table. “Don’t know.”

She sat down across from me. “Does it have anything to do with your father texting you a couple of weeks ago about coming to see you at regionals?”

“So what?! Why does it matter anymore?” He walked out when I was 10 and never looked back. Still, dear ol’ Dad always had a way of resurfacing when I least expected him.

“It still matters because when you hear from him, you tend to crumble. Or have you not noticed?” She offered a knowing wink and a compassionate smile.

I started gymnastics right after Dad left. The coaches said I was a natural: short, muscular, and flexible. All I knew was that the more I improved, the more confident I felt. Gymnastics made me feel powerful, so I gave it my full energy and dedication.

The floor routine became my specialty, and my performances were soon elevating our team score. The mat, solid and stable, became a place to explore and express my internal struggles. Over the years, no matter how angry I felt, the floor mat was there to absorb my frustration.

The bars, beam, and vault were less forgiving because I knew I could fall. My performances in those events were respectable. But, the floor? Sometimes, I had wildly creative and beautiful routines, while other times were disastrous. Sadly, my floor routine had never been consistent.

That Saturday afternoon, I slipped into the empty gym and walked over to the mat. I sat down and touched its carpeted surface. After a few minutes, my cheeks were wet with the bitter disappointment of a dad who only showed up when it was convenient for him. I ruminated on the years of practices and meets where I had channeled my resentment into acrobatics and dance moves, resolved to rise higher than his indifference.

I saw then that my deepest wounds were inextricably entangled with my greatest passion. They needed to be permanently separated. While my anger had first served to launch me into gymnastics, before long, I had started serving my anger.

Anger is a cruel master. It corrupts everything it touches, even something as beautiful as a well-choreographed floor routine.

I changed my music days before regionals. “The Devil” no longer had a place in my routine. Instead, I chose an energetic cyberpunk soundtrack that inspired me to perform with passion and laser focus. Dad made an obligatory appearance at regionals, but he left before I could talk to him.

It didn’t matter this time. I stuck every landing in my routine. Anger no longer controlled me. I was finally free."," The student makes a unique connection, showing how her troubled relationship with her floor routine is connected to her anger at her absent father. However, rather than focusing on her difficult past, she highlights a key moment when she overcame her anger and made peace with her relationships with her dad and with gymnastics. The essay also uses a conversational tone but selectively employs elevated language that fits the student’s vocabulary range. The student uses personification to illustrate her close relationship to anger and gymnastics, such as “anger is a cruel master” and “the bars, beam, and vault were less forgiving.” Through showing, not telling, the student clearly demonstrates dedication, hard work, and resilience. She also displays her commitment to emotional growth and character. In the final paragraphs, the student contemplates her troubled relationship with her floor routine and realizes its connection to her absent father. She explains how this insight healed her and allowed her to freely perform without anger.",“ devil went georgia ” began play signal lay winning floor routine round back handspring double back layout stick instead jolted floor landing bound past week ’ landed pas regionals seven day away heaved heavy sigh stomped bench coach farkas saw consternation “ mona get head ’ way preoccupied tumbling pass could sleep ” problem dreaming tumbling missing landing waking cold sweat stress felt overwhelming “ stretch ’ done tonight. ” walked home gym second home since fourth grade yet anxiety increasing every time practiced startled mom “ ’ home early wait walked mona ’ going ” slumped kitchen table “ ’ know. ” sat across “ anything father texting couple week ago coming see regionals ” “ matter anymore ” walked 10 never looked back still dear ol ’ dad always way resurfacing least expected “ still matter hear tend crumble noticed ” offered knowing wink compassionate smile started gymnastics right dad left coach said natural short muscular flexible knew improved confident felt gymnastics made feel powerful gave full energy dedication floor routine became specialty performance soon elevating team score mat solid stable became place explore express internal struggle year matter angry felt floor mat absorb frustration bar beam vault le forgiving knew could fall performance event respectable floor sometimes wildly creative beautiful routine time disastrous sadly floor routine never consistent saturday afternoon slipped empty gym walked mat sat touched carpeted surface minute cheek wet bitter disappointment dad showed convenient ruminated year practice meet channeled resentment acrobatics dance move resolved rise higher indifference saw deepest wound inextricably entangled greatest passion needed permanently separated anger first served launch gymnastics long started serving anger anger cruel master corrupts everything touch even something beautiful well-choreographed floor routine changed music day regionals “ devil ” longer place routine instead chose energetic cyberpunk soundtrack inspired perform passion laser focus dad made obligatory appearance regionals left could talk ’ matter time stuck every landing routine anger longer controlled finally free,student make unique connection showing troubled relationship floor routine connected anger absent father however rather focusing difficult past highlight key moment overcame anger made peace relationship dad gymnastics essay also us conversational tone selectively employ elevated language fit student ’ vocabulary range student us personification illustrate close relationship anger gymnastics “ anger cruel master ” “ bar beam vault le forgiving. ” showing telling student clearly demonstrates dedication hard work resilience also display commitment emotional growth character final paragraph student contemplates troubled relationship floor routine realizes connection absent father explains insight healed allowed freely perform without anger
"I never had a choice.

My baby sister was born severely autistic, which meant that every detail of our home life was repeatedly adjusted to manage her condition. I couldn’t go to bed without fearing that Mindy would wake up screaming with that hoarse little voice of hers. I couldn’t have friends over on weekends because we never knew if our entire family would need to shift into crisis mode to help Mindy regain control.

We couldn’t take a family vacation because Mindy would start hitting us during a long car ride when she didn’t want to sit there anymore. We couldn’t even celebrate Christmas like a normal family because Mindy would shriek and run away when we tried to give her presents.

I was five years old when Mindy was born. For the first ten years, I did everything I could to help my mom with Mindy. But Mom was depressed and would often stare out the window, as if transfixed by the view. Dad was no help either. He used his job as an excuse to be away from home. So, I tried to make up for both of them and rescue Mindy however I could whenever she needed it.

However, one day, when I was slowly driving Mindy around with the windows down, trying to lull her into a calmer state, we passed two of my former classmates from middle school. They heard Mindy growling her disapproval as the ride was getting long for her. One of them turned to the other and announced, “Oh my God! Marabeth brought her pet monster out for a drive!” They laughed hysterically and ran down the street.

After that day, I defied my parents at every turn. I also ignored Mindy. I even stopped doing homework. I purposely “got in with the wrong crowd” and did whatever they did.

My high school counselor Ms. Martinez saw through it all. She knew my family’s situation well. It didn’t take her long to guess what had probably happened.

“Marabeth, I get it. My brother has Down syndrome. It was really hard growing up with him as a brother. The other kids were pretty mean about it, especially in high school.”

I doubted she understood. “Yeah. So?”

“I’m guessing something happened that hurt or embarrassed you.”

“Maybe.”

“I’m so sorry. I can only imagine how you must have felt.”

It must have been the way she said it because I suddenly found myself sobbing into my trembling, cupped hands.

Ms. Martinez and I met every Friday after that for the rest of the year. Her stories of how she struggled to embrace living with and loving her brother created a bridge to my pain and then my healing. She explained that her challenges led her to pursue a degree in counseling so that she could offer other people what no one had given her.

I thought that Mindy was the end of my life, but, because of Ms. Martinez’s example and kindness, I can now see that Mindy is a gift, pointing me toward my future.

Now, I’m applying to study psychology so that I can go on to earn my master’s degree in counseling. I’m learning to forgive my parents for their mistakes, and I’m back in Mindy’s life again, but this time as a sister, not a savior. My choice. "," The essay has a logical flow. It starts by explaining the student’s challenges as her sister’s caretaker, describes her breaking point, and then shows how her counselor pointed her toward a new perspective and career path. It also avoids dwelling on negative details and concludes with a positive outlook and action. The student’s tone is appropriately conversational to illustrate her feelings with vulnerability. The essay clearly shows the student’s commitment, resilience, and sacrifice through the narrative of her caring for her sister.The student reveals her honest thoughts and feelings. She also explains how her counselor helped her see her sister as a gift who motivated her to pursue a meaningful career path. ",never choice baby sister born severely autistic meant every detail home life repeatedly adjusted manage condition ’ go bed without fearing mindy would wake screaming hoarse little voice ’ friend weekend never knew entire family would need shift crisis mode help mindy regain control ’ take family vacation mindy would start hitting u long car ride ’ want sit anymore ’ even celebrate christmas like normal family mindy would shriek run away tried give present five year old mindy born first ten year everything could help mom mindy mom depressed would often stare window transfixed view dad help either used job excuse away home tried make rescue mindy however could whenever needed however one day slowly driving mindy around window trying lull calmer state passed two former classmate middle school heard mindy growling disapproval ride getting long one turned announced “ oh god marabeth brought pet monster drive ” laughed hysterically ran street day defied parent every turn also ignored mindy even stopped homework purposely “ got wrong crowd ” whatever high school counselor ms. martinez saw knew family ’ situation well ’ take long guess probably happened “ marabeth get brother syndrome really hard growing brother kid pretty mean especially high school. ” doubted understood “ yeah ” “ ’ guessing something happened hurt embarrassed you. ” “ maybe. ” “ ’ sorry imagine must felt. ” must way said suddenly found sobbing trembling cupped hand ms. martinez met every friday rest year story struggled embrace living loving brother created bridge pain healing explained challenge led pursue degree counseling could offer people one given thought mindy end life ms. martinez ’ example kindness see mindy gift pointing toward future ’ applying study psychology go earn master ’ degree counseling ’ learning forgive parent mistake ’ back mindy ’ life time sister savior choice,essay logical flow start explaining student ’ challenge sister ’ caretaker describes breaking point show counselor pointed toward new perspective career path also avoids dwelling negative detail concludes positive outlook action student ’ tone appropriately conversational illustrate feeling vulnerability essay clearly show student ’ commitment resilience sacrifice narrative caring sister.the student reveals honest thought feeling also explains counselor helped see sister gift motivated pursue meaningful career path
"“No son of mine is gonna march around a football field wearing tail feathers while all the real men are playing football!”

I took a step backward and tried not to appear as off-balance as I felt. In my excitement, I had blurted out more information than my father could handle:

“Dad! I made the marching band as a freshman! Nobody does that—I mean nobody!”

As soon as I had said it, I wished I could recall those words. How could I forget that 26 years earlier, he had been the starting wide receiver for the state-champion Tigers on the same field?!

Still, when I opened the email on that scorching hot August afternoon, I was thrilled that five months of practicing every possible major and harmonic minor scale—two octaves up and two octaves down—had made the difference. I had busted reed after reed, trying not to puff my cheeks while moving my fingers in a precise cadence.

I knew he had heard me continually practicing in my room, yet he seemed to ignore all the parts of me that were incongruous with his vision of manhood:

Ford F-150 4x4s. Pheasant hunting. The Nebraska Cornhuskers.

I never had to wonder what he valued. For years, I genuinely shared his interests. But, in the fall of eighth grade, I heard Kyle Wheeling play a saxophone solo during the homecoming marching band halftime show. My dad took me to every football game to teach me the plays, but that night, all I could think about was Kyle’s bluesy improv at halftime.

During Thanksgiving break, I got my mom to drive me into Omaha to rent my instrument at Dietze Music, and, soon after, I started private lessons with Mr. Ken. Before long, I was spending hours in my room, exploring each nuance of my shiny Yamaha alto sax, anticipating my audition for the Marching Tigers at the end of the spring semester.

During those months of practice, I realized that I couldn’t hide my newfound interest forever, especially not from the football players who were going to endlessly taunt me. But not all the guys played football. Some were in choir and theater. Quite a few guys were in the marching band. In fact, the Marching Tigers had won the grand prize in their division at last year’s state showdown in Lincoln.

I was excited! They were the champions, and I was about to become a part of their legacy.

Yet, that afternoon, a sense of anxiety brewed in my belly. I knew I had to talk to him.

“Dad?”

He was sweeping the grass clippings off of the sidewalk. He nodded.

“I need to tell you something.”

He looked up.

“I know that you know about my sax because you hear me practicing. I like it a lot, and I’m becoming pretty good at it. I still care about what you like, but I’m starting to like some other things more. I hope you’ll be proud of me whatever I choose.”

He studied the cracks in the driveway. “I am proud of you. I just figured you’d play football.”

We never talked about it again, but that fall, he was in the stands when our marching band won the state championship in Lincoln for the second time. In fact, for the next four years, he never left the stands during halftime until the marching band had performed. He was even in the audience for every performance of “Our Town” at the end of my junior year. I played the Stage Manager who reveals the show’s theme: everything changes gradually.

I know it’s true. Things do change over time, even out here in central Nebraska. I know because I’ve changed, and my dad has changed, too. I just needed the courage to go first. "," The essay starts with a picture of confrontation that directly reflects the prompt. It then paints a chronological narrative of the student’s journey toward change, while using the literary device of flashback in the middle to add background and clarity to the story. The student uses a conversational yet respectful tone for a college essay. He effectively uses dialogue to highlight important moments of conflict and mutual understanding throughout the story. The student clearly demonstrates the qualities of self-reflection, courage, and integrity without directly claiming to have them (show, don’t tell). The student offers an honest assessment of his culture’s traditional views of manhood, his reasons for challenging them, and his appreciation for his father’s acceptance of his choices.",“ son mine gon na march around football field wearing tail feather real men playing football ” took step backward tried appear off-balance felt excitement blurted information father could handle “ dad made marching band freshman nobody that—i mean nobody ” soon said wished could recall word could forget 26 year earlier starting wide receiver state-champion tiger field still opened email scorching hot august afternoon thrilled five month practicing every possible major harmonic minor scale—two octave two octave down—had made difference busted reed reed trying puff cheek moving finger precise cadence knew heard continually practicing room yet seemed ignore part incongruous vision manhood ford f-150 4x4s pheasant hunting nebraska cornhusker never wonder valued year genuinely shared interest fall eighth grade heard kyle wheeling play saxophone solo homecoming marching band halftime show dad took every football game teach play night could think kyle ’ bluesy improv halftime thanksgiving break got mom drive omaha rent instrument dietze music soon started private lesson mr. ken long spending hour room exploring nuance shiny yamaha alto sax anticipating audition marching tiger end spring semester month practice realized ’ hide newfound interest forever especially football player going endlessly taunt guy played football choir theater quite guy marching band fact marching tiger grand prize division last year ’ state showdown lincoln excited champion become part legacy yet afternoon sense anxiety brewed belly knew talk “ dad ” sweeping grass clipping sidewalk nodded “ need tell something. ” looked “ know know sax hear practicing like lot ’ becoming pretty good still care like ’ starting like thing hope ’ proud whatever choose. ” studied crack driveway “ proud figured ’ play football. ” never talked fall stand marching band state championship lincoln second time fact next four year never left stand halftime marching band performed even audience every performance “ town ” end junior year played stage manager reveals show ’ theme everything change gradually know ’ true thing change time even central nebraska know ’ changed dad changed needed courage go first,essay start picture confrontation directly reflects prompt paint chronological narrative student ’ journey toward change using literary device flashback middle add background clarity story student us conversational yet respectful tone college essay effectively us dialogue highlight important moment conflict mutual understanding throughout story student clearly demonstrates quality self-reflection courage integrity without directly claiming show ’ tell student offer honest assessment culture ’ traditional view manhood reason challenging appreciation father ’ acceptance choice
"I stared in disbelief at the big red letter at the top of my paper: D. 

Never in my entire high school career had I seen that letter at the top of any paper, unless it was at the beginning of my first name. 

I had a 4.796 GPA. I had taken every pre-AP and AP course offered. My teachers had praised my writing skills! However, Mr. Trimble didn’t think so, and he let me know it:

“Darwin, in the future, I believe you can do better if you fully apply yourself.” 

I furiously scanned the paper for corrections. Not even one! Grammar and syntax? Perfect. Spelling? Impeccable. Sentence and paragraph structure? Precise and indisputable, as always. 

Was he trying to ruin my GPA? Cooper was clearly his favorite, and we were neck and neck for valedictorian, which was only one year away. Maybe they were conspiring to take me down. 

Thankfully, AP Composition was my last class. I fled the room and ran to my car. Defiant tears stained my cheeks as I screeched my tires and roared out of the parking lot. When I got home, I shoved in my AirPods, flopped on my bed, and buried my head under the pillow. 

I awoke to my sister, Daria, gently shaking my arm. “I know what happened, D. Trimble stopped me in the hall after school.”

“I’m sure he did. He’s trying to ruin my life.”

“That’s not what he told me. You should talk to him, D.”

The next day, although I tried to avoid Mr. Trimble at all costs, I almost tripped over him as I was coming out of the bathroom.

“Darwin, can we talk?” 

He walked me down the hall to his room. “Do you know that you’re one of the best writers I’ve ever had in AP Comp?” 

“Then why’d you do it?” 

“Because you’re better than you know, Darwin. You impress with your perfect presentations, and your teachers reward you with A’s and praise. I do frequent the teacher’s lounge, you know.” 

“So?”

“So I know you’re not trying.”

I locked eyes with him and glared. 

“You’ve never had to try because you have a gift. And, in the midst of the acclaim, you’ve never pushed yourself to discover your true capabilities.”

“So you give me a D?!”

“It got your attention.”

“You’re not going to leave it, are you?”

“Oh, the D stands. You didn’t apply yourself. You’ll have to earn your way out with your other papers.” 

I gained a new understanding of the meaning of ambivalence. Part of me was furious at the injustice of the situation, but I also felt strangely challenged and intrigued. I joined a local writer’s co-op and studied K. M. Weiland’s artistic writing techniques. 

Multiple drafts, track changes, and constructive criticism became my new world. I stopped taking Mr. Trimble’s criticism personally and began to see it as a precious tool to bolster me, not break me down. 

Last week, the New York Public Library notified me that I was named one of five finalists for the Young Lions Fiction Award. They described my collection of short stories as “fresh, imaginative, and captivating.” 

I never thought I could be grateful for a D, but Mr. Trimble’s insightful courage was the catalyst that transformed my writing and my character. Just because other people applaud you for being the best doesn’t mean you’re doing your best. 

AP Composition is now recorded as an A on my high school transcript, and Cooper and I are still locked in a tight race for the finish line. But, thanks to Mr. Trimble, I have developed a different paradigm for evaluation: my best. And the more I apply myself, the better my best becomes. ","The essay begins with an attention-grabbing statement that immediately captures the essence of surprise requested in the prompt. The story then unfolds in a logical sequence, taking the reader on a journey of unexpected transformation. The student uses an accessible, casual tone that works well in light of his expertise in writing. His use of dialogue with nicknames and colloquialism brings a conversational tone to the storyline. The student also openly shows his motivation for success and his feelings toward his peers and teacher. However, he demonstrates humility in accepting criticism, responding with a diligent attempt to improve his writing skills. The essay concludes with growth in the student’s character and self-discipline while his circumstances remained the same. He brings the prompt full circle, expressing his gratitude toward his teacher. ",stared disbelief big red letter top paper d. never entire high school career seen letter top paper unless beginning first name 4.796 gpa taken every pre-ap ap course offered teacher praised writing skill however mr. trimble ’ think let know “ darwin future believe better fully apply yourself. ” furiously scanned paper correction even one grammar syntax perfect spelling impeccable sentence paragraph structure precise indisputable always trying ruin gpa cooper clearly favorite neck neck valedictorian one year away maybe conspiring take thankfully ap composition last class fled room ran car defiant tear stained cheek screeched tire roared parking lot got home shoved airpods flopped bed buried head pillow awoke sister daria gently shaking arm “ know happened d. trimble stopped hall school. ” “ ’ sure ’ trying ruin life. ” “ ’ told talk d. ” next day although tried avoid mr. trimble cost almost tripped coming bathroom “ darwin talk ” walked hall room “ know ’ one best writer ’ ever ap comp ” “ ’ ” “ ’ better know darwin impress perfect presentation teacher reward ’ praise frequent teacher ’ lounge know. ” “ ” “ know ’ trying. ” locked eye glared “ ’ never try gift midst acclaim ’ never pushed discover true capabilities. ” “ give ” “ got attention. ” “ ’ going leave ” “ oh stand ’ apply ’ earn way papers. ” gained new understanding meaning ambivalence part furious injustice situation also felt strangely challenged intrigued joined local writer ’ co-op studied k. m. weiland ’ artistic writing technique multiple draft track change constructive criticism became new world stopped taking mr. trimble ’ criticism personally began see precious tool bolster break last week new york public library notified named one five finalist young lion fiction award described collection short story “ fresh imaginative captivating. ” never thought could grateful mr. trimble ’ insightful courage catalyst transformed writing character people applaud best ’ mean ’ best ap composition recorded high school transcript cooper still locked tight race finish line thanks mr. trimble developed different paradigm evaluation best apply better best becomes,essay begin attention-grabbing statement immediately capture essence surprise requested prompt story unfolds logical sequence taking reader journey unexpected transformation student us accessible casual tone work well light expertise writing use dialogue nickname colloquialism brings conversational tone storyline student also openly show motivation success feeling toward peer teacher however demonstrates humility accepting criticism responding diligent attempt improve writing skill essay concludes growth student ’ character self-discipline circumstance remained brings prompt full circle expressing gratitude toward teacher
"Originally, I went to church not because I was searching for Jesus but because I liked a boy.

Isaac Ono wasn’t the most athletic boy in our class, nor was he the cutest. But I was amazed by his unusual kindness toward everyone. If someone was alone or left out, he’d walk up to them and say hello or invite them to hang out with him and his friends.

I started waking up at 7:30 a.m. every Sunday morning to attend Grace Hills Presbyterian, where Isaac’s father was the pastor. I would strategically sit in a pew not too close but close enough to Isaac that when the entire congregation was instructed to say “Peace be with you,” I could “happen” to shake Isaac’s hand and make small talk.

One service, as I was staring at the back of Isaac’s head, pondering what to say to him, my hearing suddenly tuned in to his father’s sermon.

“There’s no such thing as a good or bad person.”

My eyes snapped onto Pastor Marcus.

“I used to think I was a good person who came from a respectable family and did nice things. But people aren’t inherently good or bad. They just make good or bad choices.”

My mind raced through a mental checklist of whether my past actions fell mostly into the former or latter category.

“As it says in Deuteronomy 30:15, ‘I have set before you today life and good, death and evil.’ Follow in the footsteps of Jesus and do good.”

I glanced to my left and saw Margaret, underlining passages in her study Bible and taking copious notes.

Months earlier, I had befriended Margaret. We had fourth-period Spanish together but hadn’t interacted much. She was friends with Isaac, so I started hanging out with her to get closer to him. But eventually, the two of us were spending hours in the Starbucks parking lot having intense discussions about religion, boys, and our futures until we had to return home before curfew.

After hearing the pastor’s sermon, I realized that what I had admired about Isaac was also present in Margaret and other people at church: a welcoming spirit. I’m pretty sure Margaret knew of my ulterior motives for befriending her, but she never called me out on it.

After that day, I started paying more attention to Pastor Marcus’s sermons and less attention to Isaac. One year, our youth group served Christmas Eve dinner to the homeless and ate with them. I sat across from a woman named Lila who told me how child services had taken away her four-year-old daughter because of her financial and living situation.

A few days later, as I sat curled up reading the book of James, my heart suddenly felt heavy.

“If a brother or sister is poorly clothed and lacking in daily food, and one of you says to them, ‘Go in peace, be warmed and filled,’ without giving them the things needed for the body, what good is that?”

I thought back to Pastor Marcus’s sermon on good and bad actions, Lila and her daughter, and the times I had passed people in need without even saying hello.

I decided to put my faith into action. The next week, I started volunteering at the front desk of a women’s shelter, helping women fill out forms or watching their kids while they talked with social workers.

From working for the past year at the women’s shelter, I now know I want to major in social work, caring for others instead of focusing on myself. I may not be a good person (or a bad one), but I can make good choices, helping others with every opportunity God gives me. ","The narrative begins by clearly identifying the prompt: the event of church attendance. It has a clear story arc, starting with the student’s church experiences, moving on to her self-examination, and concluding with the changes she made to her behavior and goals to serve others. The student uses dialogue to highlight key moments of realization and transformation. The essay’s tone is casual, helping the reader feel comfortable in the student’s thoughts and memory. The student displays an unusual level of self-awareness and maturity by revealing an ulterior motive, the ability to self-reflect, and a desire to authentically apply theoretical teachings in a real-world setting. While the topic of church and conversion is common, the student’s narrative weaves in unexpected elements to create interest while clearly answering the prompt. ",originally went church searching jesus liked boy isaac ono ’ athletic boy class cutest amazed unusual kindness toward everyone someone alone left ’ walk say hello invite hang friend started waking 7:30 a.m. every sunday morning attend grace hill presbyterian isaac ’ father pastor would strategically sit pew close close enough isaac entire congregation instructed say “ peace ” could “ happen ” shake isaac ’ hand make small talk one service staring back isaac ’ head pondering say hearing suddenly tuned father ’ sermon “ ’ thing good bad person. ” eye snapped onto pastor marcus “ used think good person came respectable family nice thing people ’ inherently good bad make good bad choices. ” mind raced mental checklist whether past action fell mostly former latter category “ say deuteronomy 30:15 ‘ set today life good death evil. ’ follow footstep jesus good. ” glanced left saw margaret underlining passage study bible taking copious note month earlier befriended margaret fourth-period spanish together ’ interacted much friend isaac started hanging get closer eventually two u spending hour starbucks parking lot intense discussion religion boy future return home curfew hearing pastor ’ sermon realized admired isaac also present margaret people church welcoming spirit ’ pretty sure margaret knew ulterior motif befriending never called day started paying attention pastor marcus ’ sermon le attention isaac one year youth group served christmas eve dinner homeless ate sat across woman named lila told child service taken away four-year-old daughter financial living situation day later sat curled reading book james heart suddenly felt heavy “ brother sister poorly clothed lacking daily food one say ‘ go peace warmed filled ’ without giving thing needed body good ” thought back pastor marcus ’ sermon good bad action lila daughter time passed people need without even saying hello decided put faith action next week started volunteering front desk woman ’ shelter helping woman fill form watching kid talked social worker working past year woman ’ shelter know want major social work caring others instead focusing may good person bad one make good choice helping others every opportunity god give,narrative begin clearly identifying prompt event church attendance clear story arc starting student ’ church experience moving self-examination concluding change made behavior goal serve others student us dialogue highlight key moment realization transformation essay ’ tone casual helping reader feel comfortable student ’ thought memory student display unusual level self-awareness maturity revealing ulterior motive ability self-reflect desire authentically apply theoretical teaching real-world setting topic church conversion common student ’ narrative weave unexpected element create interest clearly answering prompt
"The worst part about writing is putting down my Rubik’s cube so that I can use my hands to type. That’s usually the worst part of tackling my to-do list: setting aside my Rubik’s cube. My parents call it an obsession. But, for me, solving a Rubik’s cube challenges my brain as nothing else can.

It started on my ninth birthday. I invited three friends for a sleepover party, and I waited to open my presents right before bed. Wrapping paper, ribbons, and bows flew through the air as I oohed and aahed over each delightful gift! However, it was the last gift—a 3 x 3 x 3 cube of little squares covered in red, green, blue, yellow, white, and orange—that intrigued me.

I was horrified when Bekka ripped it out of my hands and messed it all up! I had no idea how to make all the sides match again. I waited until my friends were fast asleep. Then, I grabbed that cube and studied it under my blanket with a flashlight, determined to figure out how to restore it to its former pristine state.

Within a few weeks, I had discovered the secret. To practice, I’d take my cube with me to recess and let the other kids time me while I solved it in front of them. The better I became, the more they gathered around. But I soon realized that their attention didn’t matter all that much. I loved solving cubes for hours wherever I was: at lunch, riding in the car, or alone in my room.

Cross. White corners. Middle-layer edges. Yellow cross. Sune and anitsune. 

The sequential algorithms became second nature, and with the assistance of a little black digital timer, I strove to solve the cube faster, each time attempting to beat my previous record. I watched speed solvers on YouTube, like Australia’s Feliks Zemdegs and Max Park from Massachusetts, but I wasn’t motivated to compete as they did. I watched their videos to learn how to improve my time. I liked finding new, more efficient ways of mastering the essential 78 separate cube-solving algorithms.

Now, I understand why my passion for my Rubik’s cube has never waned. Learning and applying the various algorithms soothes my brain and centers my emotions, especially when I feel overwhelmed from being around other people. Don’t get me wrong: I like other people—just in doses.

While some people get recharged by spending time with others, I can finally breathe when I’m alone with my cube. Our psychology teacher says the difference between an extrovert and an introvert is the situations that trigger their brains to produce dopamine. For me, it’s time away, alone, flipping through cube patterns to set a new personal best.

Sometimes, the world doesn’t cooperate with introverts, requiring them to interact with many people throughout the day. That’s why you’ll often find me in the stairwell or a library corner attempting to master another one of the 42 quintillion ways to solve a cube. My parents tease me that when I’ve “had enough” of anything, my fingers get a Rubik’s itch, and I suddenly disappear. I’m usually occupied for a while, but when I finally emerge, I feel centered, prepared to tackle my next task.

Secretly, I credit my cube with helping me earn top marks in AP Calculus, Chemistry, and Physics. It’s also responsible for my interest in computer engineering. It seems I just can’t get enough of those algorithms, which is why I want to study the design and implementation of cybersecurity software—all thanks to my Rubik’s cube.

Just don’t tell my parents! It would ruin all the fun! ","The student immediately captures the reader’s attention with an unexpected statement that captures the prompt’s focus on captivation. Her writing clearly illustrates her love for the Rubik’s cube, showing how the cube has helped her emotionally and academically and inspired her choice of major. The student uses a conversational tone while inserting elevated language and concepts that surround her field of interest. She also uses the first-person pronoun “I” to personalize her experience. Through her detailed narrative of her Rubik’s cube hobby, the student demonstrates perseverance, focus, curiosity, and an uncanny ability to solve problems. The student shows awareness of her introversion by explaining how the Rubik’s cube helps her emotionally recharge. She also credits her hobby with helping her in her studies and inspiring her intended major. ",worst part writing putting rubik ’ cube use hand type ’ usually worst part tackling to-do list setting aside rubik ’ cube parent call obsession solving rubik ’ cube challenge brain nothing else started ninth birthday invited three friend sleepover party waited open present right bed wrapping paper ribbon bow flew air oohed aahed delightful gift however last gift—a 3 x 3 x 3 cube little square covered red green blue yellow white orange—that intrigued horrified bekka ripped hand messed idea make side match waited friend fast asleep grabbed cube studied blanket flashlight determined figure restore former pristine state within week discovered secret practice ’ take cube recess let kid time solved front better became gathered around soon realized attention ’ matter much loved solving cube hour wherever lunch riding car alone room cross white corner middle-layer edge yellow cross sune anitsune sequential algorithm became second nature assistance little black digital timer strove solve cube faster time attempting beat previous record watched speed solver youtube like australia ’ feliks zemdegs max park massachusetts ’ motivated compete watched video learn improve time liked finding new efficient way mastering essential 78 separate cube-solving algorithm understand passion rubik ’ cube never waned learning applying various algorithm soothes brain center emotion especially feel overwhelmed around people ’ get wrong like people—just dos people get recharged spending time others finally breathe ’ alone cube psychology teacher say difference extrovert introvert situation trigger brain produce dopamine ’ time away alone flipping cube pattern set new personal best sometimes world ’ cooperate introvert requiring interact many people throughout day ’ ’ often find stairwell library corner attempting master another one 42 quintillion way solve cube parent tease ’ “ enough ” anything finger get rubik ’ itch suddenly disappear ’ usually occupied finally emerge feel centered prepared tackle next task secretly credit cube helping earn top mark ap calculus chemistry physic ’ also responsible interest computer engineering seems ’ get enough algorithm want study design implementation cybersecurity software—all thanks rubik ’ cube ’ tell parent would ruin fun,student immediately capture reader ’ attention unexpected statement capture prompt ’ focus captivation writing clearly illustrates love rubik ’ cube showing cube helped emotionally academically inspired choice major student us conversational tone inserting elevated language concept surround field interest also us first-person pronoun “ ” personalize experience detailed narrative rubik ’ cube hobby student demonstrates perseverance focus curiosity uncanny ability solve problem student show awareness introversion explaining rubik ’ cube help emotionally recharge also credit hobby helping study inspiring intended major
"The time has come to answer college’s most difficult question: Whose story shows glory?

This is … Iron Chef America: College Essay Edition!

Welcome to Kitchen Stadium! Today we have Chef Brett Lowell. Chef Brett will be put to the test to prove he has what it takes to attend university next fall.

And the secret ingredient is … leadership! He must include leadership in each of his dishes, which will later be evaluated by a panel of admissions judges.

So now, America, with a creative mind and empty paper, I say unto you in the words of my teacher: “Let’s write!”

Appetizer: My first leadership experience

A mountain of mismatched socks, wrinkled jeans, and my dad’s unironed dress shirts sat in front of me. Laundry was just one of many chores that welcomed me home once I returned from my after-school job at Baskin Robbins, a gig I had taken last year to help Dad pay the rent. A few years earlier, I wasn’t prepared to cook dinners, pay utility bills, or pick up and drop off my brothers. I thought those jobs were reserved for parents. However, when my father was working double shifts at the power plant and my mom was living in Tucson with her new husband, Bill, I stepped up and took care of the house and my two younger brothers.

Main course: My best leadership experience

Between waiting for the pasta water to boil and for the next laundry cycle to be finished, I squeezed in solving a few practice precalculus problems to prepare for the following week’s mathletics competition. I liked how the equations always had clear, clean answers, which calmed me among the mounting responsibilities of home life. After leading my team to the Minnesota State Finals for two years in a row, I was voted team captain. Although my home responsibilities often competed with my mathlete duties, I tried to be as productive as possible in my free time. On the bus ride home, I would often tackle 10 to 20 functions or budget the following week’s meals and corresponding grocery list. My junior year was rough, but both my home and my mathlete team needed me.

Dessert: My future leadership hopes 

The first thing I ever baked was a chocolate cake in middle school. This was around the time that Mom had just moved out and I was struggling with algebra. Troubles aside, one day my younger brother Simon needed a contribution for his school’s annual bake sale, and the PTA moms wouldn’t accept anything store-bought. So I carefully measured out the teaspoons and cups of various flours, powders, and oils, which resulted in a drooping, too-salty disaster.

Four years later, after a bakery’s worth of confections and many hours of study, I’ve perfected my German chocolate cake and am on my way to mastering Calculus AB. I’ve also thrown out the bitter-tasting parts of my past such as my resentment and anger toward my mom. I still miss having her at home, but whenever I have a baking question or want to update her on my mathlete team’s success, I call her or chat with her over text.

Whether in school or life, I see problems as opportunities, not obstacles, to find a better way to solve them more efficiently. I hope to continue improving my problem-solving skills next fall by majoring in mathematics and statistics.

Time’s up! 

We hope you’ve enjoyed this tasting of Chef Lowell’s leadership experiences. Next fall, tune in to see him craft new leadership adventures in college. He’s open to refining his technique and discovering new recipes. ","The student uses a popular TV cooking show as an unexpected concept to display his leadership abilities. Since the prompt is open-ended, the student has more room to craft his response. The essay juxtaposes the contrived nature of a TV show’s script with a conversational narrative of the student’s leadership stories. Each story effectively showcases the student’s leadership by showing, not telling. Rather than saying “I’m a great leader,” he provides specific instances of his best moments of demonstrated leadership. The student honestly shares his reservations about his mother’s new life but shows how he was able to reconcile aspects of their relationship as time passed. ",time come answer college ’ difficult question whose story show glory … iron chef america college essay edition welcome kitchen stadium today chef brett lowell chef brett put test prove take attend university next fall secret ingredient … leadership must include leadership dish later evaluated panel admission judge america creative mind empty paper say unto word teacher “ let ’ write ” appetizer first leadership experience mountain mismatched sock wrinkled jean dad ’ unironed dress shirt sat front laundry one many chore welcomed home returned after-school job baskin robbins gig taken last year help dad pay rent year earlier ’ prepared cook dinner pay utility bill pick drop brother thought job reserved parent however father working double shift power plant mom living tucson new husband bill stepped took care house two younger brother main course best leadership experience waiting pasta water boil next laundry cycle finished squeezed solving practice precalculus problem prepare following week ’ mathletics competition liked equation always clear clean answer calmed among mounting responsibility home life leading team minnesota state final two year row voted team captain although home responsibility often competed mathlete duty tried productive possible free time bus ride home would often tackle 10 20 function budget following week ’ meal corresponding grocery list junior year rough home mathlete team needed dessert future leadership hope first thing ever baked chocolate cake middle school around time mom moved struggling algebra trouble aside one day younger brother simon needed contribution school ’ annual bake sale pta mom ’ accept anything store-bought carefully measured teaspoon cup various flour powder oil resulted drooping too-salty disaster four year later bakery ’ worth confection many hour study ’ perfected german chocolate cake way mastering calculus ab ’ also thrown bitter-tasting part past resentment anger toward mom still miss home whenever baking question want update mathlete team ’ success call chat text whether school life see problem opportunity obstacle find better way solve efficiently hope continue improving problem-solving skill next fall majoring mathematics statistic time ’ hope ’ enjoyed tasting chef lowell ’ leadership experience next fall tune see craft new leadership adventure college ’ open refining technique discovering new recipe,student us popular tv cooking show unexpected concept display leadership ability since prompt open-ended student room craft response essay juxtaposes contrived nature tv show ’ script conversational narrative student ’ leadership story story effectively showcase student ’ leadership showing telling rather saying “ ’ great leader ” provides specific instance best moment demonstrated leadership student honestly share reservation mother ’ new life show able reconcile aspect relationship time passed
"Math is an academic subject that inspires me. In elementary school, all of the 5th graders in my district took a placement test to see what level to get placed in for 6th grade Math, and I outdid myself and got placed in advanced math. This sparked my passion in Math early on because, for the first time, I felt that I had uncovered something I was actually good at academically. After being placed in special education courses early on, I struggled to feel “smart” and capable. This Math placement exam and subsequent advanced math course changed all of that for me, inspiring me to explore math inside and outside of the classroom. As a result, I joined my school math club and began participating in math competitions.

One of the most memorable experiences was participating in the SMT (Stanford Math Tournament) team round with my team, competing against 40 teams, as a Freshman. During the competition, each person on my team worked through an equal number of problems individually. I finished all of my problems on time, and after the competition, I learned that I had placed 5th with my team overall! I was elated to achieve something in competitive Math, continuing to affirm my passion for it. 

By Senior year, I became a VP(Vice President)  of my school’s Math club. As a VP, I taught other members of the club concepts and problem solving strategies that are crucial for competition Math and co-created handouts that contained competition level problems that were solely based on our lesson. My experiences with the SMT team round and being a VP of my school math club have even led me to pursue Math as an academic major. I look forward to college-level Math courses, where I can expand my knowledge through rigorous coursework and learn how to use this seemingly complex subject to one day benefit society and my community.

 "," The essay is well-structured, starting with a clear introduction that sets the stage by describing your early academic journey in mathematics. It progresses logically through key experiences like the Math placement test, participation in competitions, and leadership roles in the Math club. Each paragraph builds upon the previous one, creating a coherent and engaging narrative. While the essay provides good detail about the SMT competition and your role as VP, adding more specific examples of challenges faced earlier on and how you overcame them would further enrich the narrative. While you mention your desire to pursue math as a major, elaborating on specific goals or areas of interest within mathematics and how you plan to apply them in your future career would provide additional depth.",math academic subject inspires elementary school 5th grader district took placement test see level get placed 6th grade math outdid got placed advanced math sparked passion math early first time felt uncovered something actually good academically placed special education course early struggled feel “ smart ” capable math placement exam subsequent advanced math course changed inspiring explore math inside outside classroom result joined school math club began participating math competition one memorable experience participating smt stanford math tournament team round team competing 40 team freshman competition person team worked equal number problem individually finished problem time competition learned placed 5th team overall elated achieve something competitive math continuing affirm passion senior year became vp vice president school ’ math club vp taught member club concept problem solving strategy crucial competition math co-created handout contained competition level problem solely based lesson experience smt team round vp school math club even led pursue math academic major look forward college-level math course expand knowledge rigorous coursework learn use seemingly complex subject one day benefit society community,essay well-structured starting clear introduction set stage describing early academic journey mathematics progress logically key experience like math placement test participation competition leadership role math club paragraph build upon previous one creating coherent engaging narrative essay provides good detail smt competition role vp adding specific example challenge faced earlier overcame would enrich narrative mention desire pursue math major elaborating specific goal area interest within mathematics plan apply future career would provide additional depth
"When we moved to a new neighborhood, my dad always complained about the house next to us. Full of weeds and random objects, it had clearly been neglected.

I didn’t pay much attention to his complaints until one day when I saw that our neighbor was an elderly man. He was struggling to bring his trash to the bins outside. Suddenly, it all clicked. If taking out the garbage was a challenge, then surely he wasn’t able to do yard work. That’s why it looked neglected.

My dad always taught me that leadership isn’t about giving orders. It’s about doing what needs to be done. With this advice in mind, I decided that I would help our neighbor.

After my realization, I went and knocked on our neighbor’s door. I introduced myself and learned that his name was Hank. When the time was right, I informed him that I’d be cutting our grass the following weekend and would love to cut his as well. Hank initially refused.

Speaking with Hank, I learned that leadership is also about listening to people’s needs. In that moment, Hank needed to be reassured that I wanted to help. I told him it would be easy for me to cross over to his yard while I had the equipment out. He finally agreed.

The next Saturday, I got to work. The job would be bigger than I expected. All the objects needed to be picked up before I could mow. I decided to enlist the help of my two younger siblings. At first, they said no. But a good leader knows how to inspire, so I told them about Hank and explained why it was important to help. Together, we cleaned up the yard. Now, each time I mow our lawn, I mow Hank’s afterward.

Through this experience, I learned that leadership is about seeing problems and finding solutions. Most importantly, it’s about attitude and kindness. The neighborhood is grateful that the eyesore is gone, Hank is grateful for the help, and I am grateful for my new friend.","Does the writer convey a strength?

Yes. The writer shows initiative in seeking out the neighbor and willingness to help in all the hard work they did.

Is every part of the prompt answered?

Yes. Since this prompt has an “or,” we know that the writer doesn’t have to meet every single criterion listed. They respond to the “positively influenced others” part of the prompt, which we can see through their interactions with their neighbor.

Does the writer adhere to UC conventions?

Yes. The essay is straightforward and clearly organized. ",moved new neighborhood dad always complained house next u full weed random object clearly neglected ’ pay much attention complaint one day saw neighbor elderly man struggling bring trash bin outside suddenly clicked taking garbage challenge surely ’ able yard work ’ looked neglected dad always taught leadership ’ giving order ’ need done advice mind decided would help neighbor realization went knocked neighbor ’ door introduced learned name hank time right informed ’ cutting grass following weekend would love cut well hank initially refused speaking hank learned leadership also listening people ’ need moment hank needed reassured wanted help told would easy cross yard equipment finally agreed next saturday got work job would bigger expected object needed picked could mow decided enlist help two younger sibling first said good leader know inspire told hank explained important help together cleaned yard time mow lawn mow hank ’ afterward experience learned leadership seeing problem finding solution importantly ’ attitude kindness neighborhood grateful eyesore gone hank grateful help grateful new friend,writer convey strength yes writer show initiative seeking neighbor willingness help hard work every part prompt answered yes since prompt “ ” know writer ’ meet every single criterion listed respond “ positively influenced others ” part prompt see interaction neighbor writer adhere uc convention yes essay straightforward clearly organized
"As a cellist, I express my creativity through music. Whether I’m playing in a symphony, chamber orchestra, quartet, or solo performance, I bring my art to the world with my instrument. My creativity has transformed me from a small child playing out of tune to a solo artist featured in my state’s youth symphony.

I’ve loved music from a young age, and I began playing the cello when I was six years old. What began as a hobby to keep an energetic child engaged has become my life’s purpose.

At first, I only played along with my private lesson teacher, Ms. Smith. I loved dancing my fingers across the fingerboard, plucking the strings, and making screeching noises with my bow. Ms. Smith told my parents that I had promise but needed to develop discipline. Despite my young age, I listened. By the time I reached middle school, I had made principal cellist in my school’s orchestra. Leading a section of fellow cellists brought my creativity to a whole new level. Not only was I expressing myself through my own music, but I also expressed myself through my leadership. With a subtle nod or an expressive sway, I learned to shape the music those behind me played. I felt most comfortable and free when I was playing my cello.

That feeling only grew as I moved into high school. In ninth grade, I landed my first solo. With it came a new creative sensation: stage fright. Until then, I’d only experienced positive emotions while playing. I needed to make solo performance more positive. With endless practice and exercises like playing for the public on the sidewalk, I learned that solo performance is simply a way to share my love of music with those around me.

Now, as principal cellist of my state’s youth orchestra, I jump at the chance to perform any solo I can get. Getting to this point has taken me countless late nights practicing in my bedroom and weekends spent in rehearsals. But without my cello to express my creative side, I wouldn’t be me.","Does the writer convey a strength?

Yes. The writer is an artist—a musician specifically. Their creativity shines through.

Is every part of the prompt answered?

Yes. This prompt is pretty straightforward: “Describe how you express your creative side,” which the writer does by describing their love of the cello. Notice how the writer doesn’t just say they’re creative because they play the cello. They describe that creativity in detail.

Does the writer adhere to UC conventions?

Mostly. The short paragraph about stage fright takes us on a slight detour from the prompt. To make this essay even better, the writer could have eliminated that anecdote or reframed it to be more about creative expression.",cellist express creativity music whether ’ playing symphony chamber orchestra quartet solo performance bring art world instrument creativity transformed small child playing tune solo artist featured state ’ youth symphony ’ loved music young age began playing cello six year old began hobby keep energetic child engaged become life ’ purpose first played along private lesson teacher ms. smith loved dancing finger across fingerboard plucking string making screeching noise bow ms. smith told parent promise needed develop discipline despite young age listened time reached middle school made principal cellist school ’ orchestra leading section fellow cellist brought creativity whole new level expressing music also expressed leadership subtle nod expressive sway learned shape music behind played felt comfortable free playing cello feeling grew moved high school ninth grade landed first solo came new creative sensation stage fright ’ experienced positive emotion playing needed make solo performance positive endless practice exercise like playing public sidewalk learned solo performance simply way share love music around principal cellist state ’ youth orchestra jump chance perform solo get getting point taken countless late night practicing bedroom weekend spent rehearsal without cello express creative side ’,writer convey strength yes writer artist—a musician specifically creativity shine every part prompt answered yes prompt pretty straightforward “ describe express creative side ” writer describing love cello notice writer ’ say ’ creative play cello describe creativity detail writer adhere uc convention mostly short paragraph stage fright take u slight detour prompt make essay even better writer could eliminated anecdote reframed creative expression
"How many toes does an armadillo have? What were the main causes of the Crimean War? Who discovered atoms? When my friends or family have questions, they come to me for answers. I am an expert researcher. Although my passion for research began as a fun hobby, it has evolved into one of my greatest skills.

My first real mystery came when I was in ninth grade. My mom wanted to track down an old friend from high school but hadn’t had any luck searching on her own. Having grown up with the internet, I was my mom’s best chance. Not sure where to begin, I took to YouTube tutorials. Using the few family details my mom remembered, I tracked down the friend’s brother then found the friend’s married name. Alas–we found her on social media. I felt triumphant as I saw the happiness wash over my mom’s face.

Since then, my skill has grown exponentially. Combining my natural curiosity with my love of history, I’ve advanced my research skills by volunteering with my local library for the past two years. I have learned about how keywords and search engines work, practiced cataloging and archiving, and waded my way through the intricacies of the library’s database technology. Suddenly, researching wasn’t just about finding people’s Facebook profiles. It was about having any information I wanted to find at my fingertips.

Access to information is more important now than ever. That’s why I decided to put my research knowledge to work. Part of being a good researcher is teaching others how to access information too, so I founded the SOHS Research Club. We begin each meeting by raising the hardest question we can think of, and I use the projector in the library to walk club members through my research process. Members have all gone on to share their knowledge with their friends and family. The SOHS Research Club has spread information literacy to my whole community.

Looking ahead to all the ways my research skills will improve in college, I know that I’ll be ready to find an answer for anything.","Does the writer convey a strength?

Yes. We see that they’re not only skilled at research but also that they want to support their community.

Is every part of the prompt answered?

Yes—but. The prompt asks about your greatest talent or skill. It also asks how you have developed and demonstrated that talent over time. The writer does answer these questions, but I’d like to see more about when the SOHS Research Club took place as part of this development.

Does the writer adhere to UC conventions?

Yes. The essay is clear, organized, and to-the-point. ",many toe armadillo main cause crimean war discovered atom friend family question come answer expert researcher although passion research began fun hobby evolved one greatest skill first real mystery came ninth grade mom wanted track old friend high school ’ luck searching grown internet mom ’ best chance sure begin took youtube tutorial using family detail mom remembered tracked friend ’ brother found friend ’ married name alas–we found social medium felt triumphant saw happiness wash mom ’ face since skill grown exponentially combining natural curiosity love history ’ advanced research skill volunteering local library past two year learned keywords search engine work practiced cataloging archiving waded way intricacy library ’ database technology suddenly researching ’ finding people ’ facebook profile information wanted find fingertip access information important ever ’ decided put research knowledge work part good researcher teaching others access information founded soh research club begin meeting raising hardest question think use projector library walk club member research process member gone share knowledge friend family soh research club spread information literacy whole community looking ahead way research skill improve college know ’ ready find answer anything,writer convey strength yes see ’ skilled research also want support community every part prompt answered yes—but prompt asks greatest talent skill also asks developed demonstrated talent time writer answer question ’ like see soh research club took place part development writer adhere uc convention yes essay clear organized to-the-point
" I jump at any chance to get my hands dirty. I am an aspiring ecologist. I’m lucky enough to live in a college town, so I was elated last semester when a postdoctoral fellow invited me to join her research team.

Although at first I was intimidated by the prospect of working alongside college students and faculty, I decided to embrace the opportunity to learn what being an ecologist is really like.

The project involved studying Asclepias syriaca populations in my local park. More commonly known as Milkweed, this flower species has a long and important history in North America, particularly for Indigenous people. After learning about its history as a food source, medicine, and critical part of ecological function, I couldn’t wait to be part of the research.

As a research assistant, I helped with data collection. We began by using twine to section off population groups in the park. Then, every week I returned to the populations to collect information about population growth. I counted the number of flowers in the population, and, with a clear ruler, I measured and recorded the height of every individual flower.

The work was tedious. On my hands and knees, I squinted at the millimeter markings, trying to obtain the most accurate measurements possible. Each week, I’d return home with muddy jeans and a smile on my face.

Participating in this research project taught me that being an ecologist is about much more than looking at plants. It’s also about learning from mentors and engaging with and having respect for the historical context of the plants we study. Being a scientist is also not as glamorous as movies like Jurassic Park lead on. Instead, science requires careful planning, patience, and hard work.

But what I learned the most from this educational opportunity is that science doesn’t exist in some nebulous place. It exists right here in front of me. I look forward to continuing to use science to serve my community.","Does the writer convey a strength?

Yes. We see their intellectual curiosity and willingness to learn through their research journey.

Is every part of the prompt answered?

Yes. We have another “or” prompt! This time they’ve chosen to focus on an “educational opportunity,” which is the research project. They certainly explain how they “took advantage” of it.

Does the writer adhere to UC conventions?

Yes. There’s no fluff, just a coherent narrative focused on actions the writer took.

 ",jump chance get hand dirty aspiring ecologist ’ lucky enough live college town elated last semester postdoctoral fellow invited join research team although first intimidated prospect working alongside college student faculty decided embrace opportunity learn ecologist really like project involved studying asclepias syriaca population local park commonly known milkweed flower specie long important history north america particularly indigenous people learning history food source medicine critical part ecological function ’ wait part research research assistant helped data collection began using twine section population group park every week returned population collect information population growth counted number flower population clear ruler measured recorded height every individual flower work tedious hand knee squinted millimeter marking trying obtain accurate measurement possible week ’ return home muddy jean smile face participating research project taught ecologist much looking plant ’ also learning mentor engaging respect historical context plant study scientist also glamorous movie like jurassic park lead instead science requires careful planning patience hard work learned educational opportunity science ’ exist nebulous place exists right front look forward continuing use science serve community,writer convey strength yes see intellectual curiosity willingness learn research journey every part prompt answered yes another “ ” prompt time ’ chosen focus “ educational opportunity ” research project certainly explain “ took advantage ” writer adhere uc convention yes ’ fluff coherent narrative focused action writer took
" While most kids fear monsters, my greatest fear has always been tests. Since elementary school, I’ve dealt with incapacitating test anxiety. I’d sit down for a spelling test and faint from anxiety. Math tests in middle school would make me run to the bathroom ill. By the time I reached high school, where the testing stakes became even higher, my test anxiety increased exponentially.

More than normal feelings of nervousness or anxiousness, it is a diagnosis I wrestle with daily. Test anxiety caused me to miss a number of tests that I had no option to re-take. It’s caused me to receive abysmal scores on standardized and state tests, which has had repercussions in the classes I’m allowed to take. My test anxiety has been the greatest challenge of my life. In a school system so reliant on testing, it has completely affected my ability to achieve academically.

By the time I took the PSATs, I couldn’t even move my hand to write my name. I knew something had to change. I reached out for help. My mom knew I had been struggling but didn’t understand the extent of my illness. Together, we contacted my school counselor, who told us how to find a therapist.

With my doctors, I worked to mitigate the effects of my test anxiety on a medical and psychological level. I began taking beta-blockers that helped slow my heart rate, thus tricking my body into being less anxious. Alongside that, I spent months working through the reasons my brain interpreted testing as such a threat. I learned to appreciate my intrinsic value instead of relying on external factors like test scores. And rather than viewing tests as chances to fail, I began to understand them as opportunities to showcase my growth.

Now, after two long years of effort, I can take any test with ease. Since learning how to manage my disorder, I’ve successfully taken my driver’s test, SATs and ACTs, and all seven of my AP exams. I’m looking forward to all the tests I’ll take in college.","Does the writer convey a strength?

Yes—which is difficult with this prompt. The writer doesn’t get bogged down in the challenge of having test anxiety. Instead, they use this prompt as an opportunity to show a strength: resilience to overcome such a difficult problem.

Is every part of the prompt answered?

Yes. And this prompt has multiple parts, too. It wants you to describe 1) a challenge, 2) the steps you’ve taken to overcome the challenge, and 3) how the challenge affected your academic achievement. This writer does all three.

Does the writer adhere to UC conventions?

Yes. The writer doesn’t provide any poetic descriptions or metaphors. ",kid fear monster greatest fear always test since elementary school ’ dealt incapacitating test anxiety ’ sit spelling test faint anxiety math test middle school would make run bathroom ill. time reached high school testing stake became even higher test anxiety increased exponentially normal feeling nervousness anxiousness diagnosis wrestle daily test anxiety caused miss number test option re-take ’ caused receive abysmal score standardized state test repercussion class ’ allowed take test anxiety greatest challenge life school system reliant testing completely affected ability achieve academically time took psats ’ even move hand write name knew something change reached help mom knew struggling ’ understand extent illness together contacted school counselor told u find therapist doctor worked mitigate effect test anxiety medical psychological level began taking beta-blockers helped slow heart rate thus tricking body le anxious alongside spent month working reason brain interpreted testing threat learned appreciate intrinsic value instead relying external factor like test score rather viewing test chance fail began understand opportunity showcase growth two long year effort take test ease since learning manage disorder ’ successfully taken driver ’ test sat act seven ap exam ’ looking forward test ’ take college,writer convey strength yes—which difficult prompt writer ’ get bogged challenge test anxiety instead use prompt opportunity show strength resilience overcome difficult problem every part prompt answered yes prompt multiple part want describe 1 challenge 2 step ’ taken overcome challenge 3 challenge affected academic achievement writer three writer adhere uc convention yes writer ’ provide poetic description metaphor
"Sitting in front of my baby cousin, I held my hands in front of my face. I quickly snapped them down and exclaimed, “Peek-a-boo!” Delighted, he erupted into laughter. From the perspective of my more developed brain, this game is quite boring. It’s overly repetitive, and the outcome—my face reveal—is basic and consistent. But to a brain that hasn’t yet gone through the sensorimotor phase of development, the game is a downright hoot. What I perceive as boring is actually magic to a baby’s mind. Without the concept of object permanence, my cousin thinks that I disappear completely behind my hands. When my face returns, he marvels as I inexplicably materialize in front of him. It’s no wonder he can play peek-a-boo for hours.

Since I took IB Psychology my sophomore year, I have been fascinated with child psychology. No matter when or where we are born, we all undergo similar stages of development that help us understand the world around us. Imagine Albert Einstein chewing on a rock or Genghis Khan taking his first steps. Researching child development unlocks something universal and equalizing about the human experience.

Because of my interest in child psychology, I decided to get more involved with my community. I began by volunteering in a psychology lab at my local university. While there, I get our child participants settled before sessions. Occasionally I get to help with data collection. I also landed a job as a teacher’s aide at a nearby Head Start, where I feed lunches, play, and read. In both of these activities, I’ve learned so much about how to interact with toddlers, to think like they think, and to help them grow into kind and happy children.

My school doesn’t offer any additional psychology courses, so I took a community college class this summer. I’m looking forward to taking more advanced psychology classes as a psychology major, and I’m eager to bring the research skills I’ve been developing to one of the UC’s many child development labs. One day, I hope to use all these skills as a child therapist. "," Does the writer convey a strength?

Yes. The student is very intellectually curious about child development—a perfect strength for this prompt.

Is every part of the prompt answered?

Yes. The writer talks about an academic subject, child development, and describes how they advanced that interest through a research lab, classes, and a job at Head Start.

Does the writer adhere to UC conventions?

Yes—but. Overall, the essay does a great job adhering to UC essay conventions. But the first paragraph almost doesn’t. As it is, the writer stays focused on telling the story. However, it takes up quite a bit of space in the essay without really conveying much about the writer’s journey. If there were a metaphor or any poetic language in there, it would have been too far. Same goes for the snippet about Einstein and Genghis Khan—it adds personality but is close to overdoing it.",sitting front baby cousin held hand front face quickly snapped exclaimed “ peek-a-boo ” delighted erupted laughter perspective developed brain game quite boring ’ overly repetitive outcome—my face reveal—is basic consistent brain ’ yet gone sensorimotor phase development game downright hoot perceive boring actually magic baby ’ mind without concept object permanence cousin think disappear completely behind hand face return marvel inexplicably materialize front ’ wonder play peek-a-boo hour since took ib psychology sophomore year fascinated child psychology matter born undergo similar stage development help u understand world around u imagine albert einstein chewing rock genghis khan taking first step researching child development unlocks something universal equalizing human experience interest child psychology decided get involved community began volunteering psychology lab local university get child participant settled session occasionally get help data collection also landed job teacher ’ aide nearby head start feed lunch play read activity ’ learned much interact toddler think like think help grow kind happy child school ’ offer additional psychology course took community college class summer ’ looking forward taking advanced psychology class psychology major ’ eager bring research skill ’ developing one uc ’ many child development lab one day hope use skill child therapist,writer convey strength yes student intellectually curious child development—a perfect strength prompt every part prompt answered yes writer talk academic subject child development describes advanced interest research lab class job head start writer adhere uc convention yes—but overall essay great job adhering uc essay convention first paragraph almost ’ writer stay focused telling story however take quite bit space essay without really conveying much writer ’ journey metaphor poetic language would far go snippet einstein genghis khan—it add personality close overdoing
"Nourishing loved ones by cooking for them is one of my biggest passions. But my hobby has become more difficult since moving to a food desert. Food deserts are areas without easy access to grocery stores or healthy foods. These disparities are clear in the school cafeteria, with the majority of students eating processed school lunches or packaged foods brought from home. I decided to do something about it.

The idea came to me one day as I made my way from AP Biology to my cooking elective. We needed a school community garden. If we couldn’t access fresh foods in our neighborhood, then we would grow our own. We just needed a space to grow them and money to buy supplies.

I began by finding a spot to plant our garden. My friends and I walked around the entire school and decided that the courtyard would be the perfect place. After explaining my idea to the Assistant Principal, I got permission to proceed.

Next I raised money for the supplies. With $20 in seed money from my parents, which I promptly paid back, I drew and printed stickers to sell at lunch. The stickers were anthropomorphized vegetables. They cost $0.10 per sticker to make, and I sold them for $1.00 each. Soon enough, I had not only raised enough money to set up the garden, but I had rallied the whole school around my cause. Thirty of my classmates showed up, vegetable stickers on their water bottles, to help me plant the garden.

For the last year, we’ve maintained a spread of seasonal vegetables in the garden. We bring a basket to the cooking elective teacher each week so students can practice cooking with fresh vegetables, and we hold a daily farm stand at lunch. At the stand, students can grab whatever fresh produce they want to add to their lunch.

My school’s garden nourishes my community, and I am nourished every day by the fact that my efforts have made a true difference to those around me. ","Does the writer convey a strength?

Yes. The writer shows really great initiative and community understanding in their willingness to start a community garden from scratch.

Is every part of the prompt answered?

Yes. With only one question, this prompt is pretty straightforward. And the writer’s answer is simple: to make their school community a better place, they made a community garden.

Does the writer adhere to UC conventions?

Yes. The writer goes into detail about every step they took to make the community garden come to life. I especially like how the writer goes beyond these details to emphasize how much the community garden impacted the school community. ",nourishing loved one cooking one biggest passion hobby become difficult since moving food desert food desert area without easy access grocery store healthy food disparity clear school cafeteria majority student eating processed school lunch packaged food brought home decided something idea came one day made way ap biology cooking elective needed school community garden ’ access fresh food neighborhood would grow needed space grow money buy supply began finding spot plant garden friend walked around entire school decided courtyard would perfect place explaining idea assistant principal got permission proceed next raised money supply 20 seed money parent promptly paid back drew printed sticker sell lunch sticker anthropomorphized vegetable cost 0.10 per sticker make sold 1.00 soon enough raised enough money set garden rallied whole school around cause thirty classmate showed vegetable sticker water bottle help plant garden last year ’ maintained spread seasonal vegetable garden bring basket cooking elective teacher week student practice cooking fresh vegetable hold daily farm stand lunch stand student grab whatever fresh produce want add lunch school ’ garden nourishes community nourished every day fact effort made true difference around,writer convey strength yes writer show really great initiative community understanding willingness start community garden scratch every part prompt answered yes one question prompt pretty straightforward writer ’ answer simple make school community better place made community garden writer adhere uc convention yes writer go detail every step took make community garden come life especially like writer go beyond detail emphasize much community garden impacted school community
